Date,Ticker,Open,High,Low,Close,Volume
2022-01-03,HDFCBANK.NS,706.3216999908345,724.3959253104654,704.1813312029835,722.8025512695312,9069184
2022-01-04,HDFCBANK.NS,722.9689818191866,729.1047170271323,717.1662276895983,727.0357055664062,8857352
2022-01-05,HDFCBANK.NS,730.9597335226943,747.7021503050373,726.8216524342752,744.3013305664062,14332638
2022-01-06,HDFCBANK.NS,733.9086759071455,739.4974166342414,727.7491933941105,732.3628540039062,9628930
2022-01-07,HDFCBANK.NS,734.3843069802756,745.2050602081262,730.5316548059,737.499755859375,11179384
2022-01-10,HDFCBANK.NS,741.0432762210418,747.7022016813078,735.0978070600898,741.5902709960938,8856496
2022-01-11,HDFCBANK.NS,742.731769713943,746.1325314282669,736.191754015291,744.80078125,8389198
2022-01-12,HDFCBANK.NS,745.7995970381922,749.9138730090968,738.1893970684148,740.401123046875,21085530
2022-01-13,HDFCBANK.NS,739.6163215437484,739.6163215437484,723.1592754547615,726.7741088867188,41963896
2022-01-14,HDFCBANK.NS,727.7254153127986,736.619813831022,722.493402522968,734.9313354492188,11208968
2022-01-17,HDFCBANK.NS,727.7252913320531,740.0918649102448,722.5646366626269,723.682373046875,22989372
2022-01-18,HDFCBANK.NS,729.1522317973348,737.666154009168,724.395857160692,727.3685913085938,12341152
2022-01-19,HDFCBANK.NS,729.6279369589961,732.3628526288228,719.8060108107658,722.2317504882812,14317626
2022-01-20,HDFCBANK.NS,726.9880639951974,727.0118690930589,713.5037534034572,717.7369384765625,15197846
2022-01-21,HDFCBANK.NS,713.4562826460474,727.6303040191038,706.6070907204011,723.7300415039062,11537694
2022-01-24,HDFCBANK.NS,718.1888873366842,723.5636148158452,698.0219018920284,707.1065673828125,11868508
2022-01-25,HDFCBANK.NS,693.7886458927823,711.0780572785832,686.8205449567051,707.7723999023438,13594248
2022-01-27,HDFCBANK.NS,689.6743715648455,706.321683981928,682.5398091003816,701.54150390625,28617838
2022-01-28,HDFCBANK.NS,702.7543967837006,707.1302385002696,694.4307406458227,695.9765625,24925208
2022-01-31,HDFCBANK.NS,700.4950592209881,709.4370665658972,697.6650395988496,706.654541015625,12842546
2022-02-01,HDFCBANK.NS,717.499250820978,721.5421700334263,700.8281313145686,712.0294189453125,14739484
2022-02-02,HDFCBANK.NS,719.1400601109066,730.1035271800179,716.1197737442617,728.2960815429688,13969290
2022-02-03,HDFCBANK.NS,727.1308172000766,732.457933895551,717.7369767162163,720.7572631835938,10564762
2022-02-04,HDFCBANK.NS,726.9643987359728,729.0809624800141,720.1627589609288,724.87158203125,11579958
2022-02-07,HDFCBANK.NS,719.2113714618774,722.4932814559804,694.430672103839,698.30712890625,12268042
2022-02-08,HDFCBANK.NS,702.2312794492199,703.2063015747357,687.0822353308985,695.3107299804688,13981130
2022-02-09,HDFCBANK.NS,701.0896640531371,713.3135243877856,697.7602016051236,712.314697265625,11308342
2022-02-10,HDFCBANK.NS,720.1152710835828,730.3414786980458,714.241158787055,725.3948364257812,14314530
2022-02-11,HDFCBANK.NS,713.5752115705957,725.3472405566795,713.2184834195023,722.4220581054688,10711104
2022-02-14,HDFCBANK.NS,708.6999366331057,713.1946881745109,698.8542627513499,700.947021484375,14656620
2022-02-15,HDFCBANK.NS,702.0409964179948,725.2996833180713,700.6378889247106,721.9226684570312,13135066
2022-02-16,HDFCBANK.NS,729.7943552747017,729.9846218788012,716.7856818187674,720.947509765625,10032264
2022-02-17,HDFCBANK.NS,719.687047265433,723.9202323784434,714.4074829385164,716.5478515625,7351208
2022-02-18,HDFCBANK.NS,712.6477110600987,721.5421093550166,708.9139101230298,719.3303833007812,7796128
2022-02-21,HDFCBANK.NS,715.3588675570371,728.0583667818646,711.3397535269675,723.9678955078125,7468066
2022-02-22,HDFCBANK.NS,708.6047551441089,723.9678112195843,707.7247793394828,718.5455322265625,9536196
2022-02-23,HDFCBANK.NS,725.3947427030585,725.6801135920207,711.3872414933543,713.8843383789062,9029562
2022-02-24,HDFCBANK.NS,689.6267543198659,701.541437673928,669.2932532158236,675.1198120117188,23630766
2022-02-25,HDFCBANK.NS,684.8942478331431,697.2370767488001,681.5172329343914,692.5758056640625,18318654
2022-02-28,HDFCBANK.NS,678.2590813465437,684.2283552518861,672.5752363928466,678.3779907226562,24880832
2022-03-02,HDFCBANK.NS,659.471334239841,665.1314315913221,644.2033834798522,653.644775390625,38505560
2022-03-03,HDFCBANK.NS,656.8554354054835,662.0874482870623,648.2464076398575,652.0990600585938,17527922
2022-03-04,HDFCBANK.NS,646.8669745357665,659.2335490489504,635.8797603305272,649.9586181640625,21219364
2022-03-07,HDFCBANK.NS,627.1280940741168,633.715662365495,616.9256921049088,630.1246337890625,27054458
2022-03-08,HDFCBANK.NS,619.3750870184799,634.50038171104,614.5236080739608,631.5514526367188,39212492
2022-03-09,HDFCBANK.NS,632.5979142059786,653.8588885491644,627.2945441400525,652.17041015625,23134694
2022-03-10,HDFCBANK.NS,678.734676699917,678.734676699917,656.4986247477649,662.4202880859375,22273206
2022-03-11,HDFCBANK.NS,660.1848501728542,670.149432575976,652.9075731964616,664.3704833984375,15150780
2022-03-14,HDFCBANK.NS,673.0270237794027,689.6743353216494,673.0270237794027,686.130859375,25018126
2022-03-15,HDFCBANK.NS,686.5827315469807,689.436556548215,671.4812409154484,677.3078002929688,18867928
2022-03-16,HDFCBANK.NS,688.2474388752825,692.0525387446689,683.1105308271242,688.79443359375,13364108
2022-03-17,HDFCBANK.NS,700.1384408684183,708.6048120871039,699.4487896776494,703.9673461914062,14823954
2022-03-21,HDFCBANK.NS,707.2729750042046,710.4359760473683,700.5189456092843,707.03515625,12257876
2022-03-22,HDFCBANK.NS,704.5619579778424,712.5050821984208,693.09904605424,710.6738891601562,10461814
2022-03-23,HDFCBANK.NS,716.7856708144304,722.398216212513,700.8993676260746,703.5867309570312,31188256
2022-03-24,HDFCBANK.NS,697.2845910655177,699.0206795927611,682.3258145703531,686.178466796875,20160044
2022-03-25,HDFCBANK.NS,690.1500239764209,690.6256614843303,674.9296237233227,680.5897216796875,16366462
2022-03-28,HDFCBANK.NS,680.58974632828,683.966761144496,666.6535436173285,681.4934692382812,15754886
2022-03-29,HDFCBANK.NS,685.3936701441318,694.5496924552175,680.16165739494,690.5305786132812,12377448
2022-03-30,HDFCBANK.NS,700.1384153992661,705.2515186367268,691.6007453109708,702.4927978515625,20109742
2022-03-31,HDFCBANK.NS,699.6626915809051,706.1789014459227,697.236952189026,699.353515625,14295714
2022-04-01,HDFCBANK.NS,702.2312603639822,718.2126697474425,699.3298830454588,716.3101196289062,14568556
2022-04-04,HDFCBANK.NS,751.5072706543655,819.0953496497071,743.2074192757403,788.0362548828125,97450970
2022-04-05,HDFCBANK.NS,792.7450201895066,792.7450201895066,761.9712963036054,764.9440307617188,30922582
2022-04-06,HDFCBANK.NS,755.1696250388968,756.1685102240006,735.9776637926485,737.6423950195312,27027860
2022-04-07,HDFCBANK.NS,733.100080241604,733.1238272791691,719.9724391818007,721.4231567382812,40781732
2022-04-08,HDFCBANK.NS,719.211478547381,725.7039422730295,712.1720781256234,720.4243774414062,41256322
2022-04-11,HDFCBANK.NS,716.3100788229164,718.2126288330701,710.245700665551,711.6250610351562,20799066
2022-04-12,HDFCBANK.NS,705.8460070134646,716.7143116143333,704.0148143622292,710.3645629882812,27435402
2022-04-13,HDFCBANK.NS,708.6998371784712,714.5502013407392,695.691163859955,696.7850952148438,28892520
2022-04-18,HDFCBANK.NS,674.8583237972184,680.9465076399842,661.1599972428315,663.7283935546875,45620376
2022-04-19,HDFCBANK.NS,656.8079038056561,660.9221802216326,631.1710282718929,638.4006958007812,74096022
2022-04-20,HDFCBANK.NS,644.2271829644586,646.8194421533099,635.142518406885,644.1558837890625,49325736
2022-04-21,HDFCBANK.NS,649.2451838249173,656.2846420095574,643.6802483309051,653.6923828125,52446270
2022-04-22,HDFCBANK.NS,646.8669864904109,654.168010350688,641.706331335433,644.774169921875,20659148
2022-04-25,HDFCBANK.NS,642.1106379350289,651.9325641201308,628.9116970441421,649.6019287109375,20935488
2022-04-26,HDFCBANK.NS,652.5746446077407,657.3072144691479,645.5114394033479,652.5984497070312,17016842
2022-04-27,HDFCBANK.NS,646.8670900654843,655.904203823752,645.012091944963,652.8363647460938,18054334
2022-04-28,HDFCBANK.NS,652.5746789306378,655.9041415782432,647.8658558596376,652.2655029296875,20773722
2022-04-29,HDFCBANK.NS,656.5462285607915,668.1517954743881,652.3606532888389,658.5676879882812,28401476
2022-05-02,HDFCBANK.NS,647.8420880799416,668.9603468911126,647.8420880799416,667.65234375,19494316
2022-05-04,HDFCBANK.NS,665.8925284326605,667.6048118935288,642.1106524172083,644.9644775390625,29055916
2022-05-05,HDFCBANK.NS,654.0015630179496,654.0015630179496,640.4458942572139,643.5137329101562,17862912
2022-05-06,HDFCBANK.NS,632.5978677162095,634.9760551888268,624.5120303093106,626.699951171875,26731268
2022-05-09,HDFCBANK.NS,618.32874885627,630.9331425829555,616.1883801102291,627.7701416015625,32762434
2022-05-10,HDFCBANK.NS,625.4870637597833,643.5374821065801,625.4870637597833,637.8536376953125,20113812
2022-05-11,HDFCBANK.NS,643.5375186995411,644.4887936717504,631.9557575251372,641.4447021484375,17102924
2022-05-12,HDFCBANK.NS,635.6706993369925,638.4133907389254,622.1498973824371,626.9856567382812,22382290
2022-05-13,HDFCBANK.NS,630.353829122959,634.1790892090257,619.262889083472,621.35595703125,16768238
2022-05-16,HDFCBANK.NS,625.0368734940553,631.292053906236,618.4448991695826,627.9719848632812,9804356
2022-05-17,HDFCBANK.NS,631.5807479648557,633.6978977151113,624.6519209350625,632.25439453125,16641444
2022-05-18,HDFCBANK.NS,637.0901630861314,641.5409646353346,630.3297329141748,632.206298828125,15732384
2022-05-19,HDFCBANK.NS,618.8780087156123,623.7859555796492,615.0768300364393,619.2870483398438,20537506
2022-05-20,HDFCBANK.NS,626.9615731938593,637.1623059170763,621.837124950426,635.5985107421875,13919350
2022-05-23,HDFCBANK.NS,632.2544265466233,639.9290287015857,625.0850152898169,627.4427490234375,19486320
2022-05-24,HDFCBANK.NS,625.5180642227122,637.5472577654566,624.0264559706711,634.6361694335938,12870796
2022-05-25,HDFCBANK.NS,639.9531102298189,642.8160348600121,636.6811460213428,639.375732421875,12887112
2022-05-26,HDFCBANK.NS,645.7993054909392,659.6809832899339,644.7647830842534,657.6119384765625,26992428
2022-05-27,HDFCBANK.NS,660.0659236596756,671.0846178237094,659.5606740424182,669.8095703125,24031718
2022-05-30,HDFCBANK.NS,678.566873569111,683.4988434000511,672.889070171654,674.3807373046875,12624674
2022-05-31,HDFCBANK.NS,671.662083279525,675.944488061126,664.0115042012508,668.3179321289062,13485388
2022-06-01,HDFCBANK.NS,664.0114702425767,673.8513268686822,663.6024894175849,671.1567993164062,12091896
2022-06-02,HDFCBANK.NS,667.4999765351084,667.860852355906,663.3378636546508,666.4654541015625,11475020
2022-06-03,HDFCBANK.NS,672.8169034842749,673.995741003826,662.231212745682,664.1558837890625,6957244
2022-06-06,HDFCBANK.NS,662.2312223234171,667.3796939444019,654.7009350100217,663.2656860351562,6173266
2022-06-07,HDFCBANK.NS,655.3505322636607,661.2689195958052,651.5492949621544,655.6392211914062,10253966
2022-06-08,HDFCBANK.NS,660.7876929692908,664.4926611407994,652.9446351687653,657.9487915039062,5986588
2022-06-09,HDFCBANK.NS,655.4707669191479,664.9979118561328,653.016823143348,662.90478515625,7311816
2022-06-10,HDFCBANK.NS,654.436222491499,658.213377451669,646.4969548898966,650.105712890625,9155430
2022-06-13,HDFCBANK.NS,636.8736353918679,639.9531208031428,629.511803905611,638.317138671875,10892572
2022-06-14,HDFCBANK.NS,630.9312384303023,638.0284630380025,627.9239398677174,631.2921142578125,11870356
2022-06-15,HDFCBANK.NS,626.3120453531265,633.1205811087782,624.7482500861813,629.102783203125,11810470
2022-06-16,HDFCBANK.NS,630.3297546494468,635.4060979237764,614.9323865969412,616.520263671875,12169192
2022-06-17,HDFCBANK.NS,613.4888961209325,625.0369224008559,611.8529139840168,620.5861206054688,14723922
2022-06-20,HDFCBANK.NS,627.7795517185277,637.547280721459,622.703267102487,636.1759643554688,15936840
2022-06-21,HDFCBANK.NS,643.2731943331319,651.5011513361289,637.0902003236198,643.1047973632812,13220684
2022-06-22,HDFCBANK.NS,641.0357608318419,643.2972258536737,636.6811690239211,640.0734252929688,8159698
2022-06-23,HDFCBANK.NS,640.193710492177,648.6141463686242,634.419697319756,642.43115234375,15372244
2022-06-24,HDFCBANK.NS,644.0671595693715,655.1821236118307,644.0671595693715,651.4049682617188,8013432
2022-06-27,HDFCBANK.NS,659.1997965869816,662.0868029953917,650.5387773617512,652.583740234375,9804164
2022-06-28,HDFCBANK.NS,646.6894682409041,650.0576425546589,643.9949405371601,647.6036987304688,9770574
2022-06-29,HDFCBANK.NS,640.5545375901551,649.9373082816165,640.5545375901551,646.6653442382812,9994046
2022-06-30,HDFCBANK.NS,642.8401831561805,651.5012035879254,642.8401831561805,648.6141967773438,12475822
2022-07-01,HDFCBANK.NS,646.6653918015329,654.3881578947369,639.9772068826776,651.380859375,11472452
2022-07-04,HDFCBANK.NS,651.35673163144,654.4843218717582,645.8473846257052,652.2950439453125,8487480
2022-07-05,HDFCBANK.NS,656.3128389795442,663.6987525096566,648.7585284770123,650.8275146484375,14325718
2022-07-06,HDFCBANK.NS,648.6141194735643,660.835791929005,648.18105675633,659.80126953125,15049078
2022-07-07,HDFCBANK.NS,664.0114788767993,672.6724981664967,661.3409744346241,671.6139526367188,17743142
2022-07-08,HDFCBANK.NS,678.4465781386755,678.4465781386755,671.1087694034876,672.239501953125,12474030
2022-07-11,HDFCBANK.NS,670.7478551643559,678.3984342696596,670.3869793455802,676.5940551757812,7462880
2022-07-12,HDFCBANK.NS,676.1610141176355,676.1610141176355,668.5345166503326,669.6893310546875,9876974
2022-07-13,HDFCBANK.NS,668.823193081103,670.8440741987707,651.6214454892688,653.3536376953125,15945610
2022-07-14,HDFCBANK.NS,655.350489555198,660.4749379498609,649.215600611124,650.0817260742188,10372410
2022-07-15,HDFCBANK.NS,651.0199810197498,656.7458891263111,648.0367643942972,655.3745727539062,13595646
2022-07-18,HDFCBANK.NS,648.6142070978419,657.3233327010787,645.7512821263163,648.397705078125,20332220
2022-07-19,HDFCBANK.NS,643.3212566690205,653.690444771779,643.3212566690205,648.63818359375,15792538
2022-07-20,HDFCBANK.NS,654.3400285637287,659.7290838164299,652.1025868008825,656.8180541992188,20347862
2022-07-21,HDFCBANK.NS,654.6528133808986,658.9592412990309,653.473917137891,654.7490234375,12640278
2022-07-22,HDFCBANK.NS,657.2751172050325,672.1913167902127,655.5429251294964,670.0260620117188,12729592
2022-07-25,HDFCBANK.NS,671.2290446761094,675.8482435588785,665.5994052152816,671.9989013671875,10143126
2022-07-26,HDFCBANK.NS,671.710190933296,674.5971974845852,667.0428871698978,670.6275634765625,8527964
2022-07-27,HDFCBANK.NS,668.2938535156615,676.5218097245117,666.0564118856013,675.751953125,9212778
2022-07-28,HDFCBANK.NS,680.8764869533358,685.182915066855,678.9277339602053,681.7425537109375,17420406
2022-07-29,HDFCBANK.NS,691.9192202105274,692.2079091114783,680.9967358477592,690.0907592773438,20019736
2022-08-01,HDFCBANK.NS,692.4004588219614,696.9474710021221,688.0940305399319,695.8408203125,13193036
2022-08-02,HDFCBANK.NS,693.8439067006424,695.094931123578,684.7258011854689,688.190185546875,15036510
2022-08-03,HDFCBANK.NS,685.6399502739025,690.8365853805471,681.8146902206062,689.8020629882812,10975498
2022-08-04,HDFCBANK.NS,692.8815166078793,696.1053168364679,679.8659062909707,688.9840698242188,12012206
2022-08-05,HDFCBANK.NS,689.5134375282818,691.4140267889854,683.8116110098687,686.6505126953125,9268982
2022-08-08,HDFCBANK.NS,687.1076072249125,704.6702316392747,686.674544464695,703.4913940429688,15357736
2022-08-10,HDFCBANK.NS,703.154439415044,708.0383035448924,697.2361116710222,705.5362548828125,17353102
2022-08-11,HDFCBANK.NS,715.2558683433389,717.421123242461,709.5059371613006,714.8709106445312,18301766
2022-08-12,HDFCBANK.NS,714.5340142716603,716.6030588176026,710.1794232154215,714.606201171875,8850370
2022-08-16,HDFCBANK.NS,719.2495616686834,725.8415362160341,716.0016794217771,722.7861328125,12563756
2022-08-17,HDFCBANK.NS,721.7516859147646,727.88657524504,714.8950448985743,726.5152587890625,12384350
2022-08-18,HDFCBANK.NS,721.7516472669315,728.4398909455316,721.5832502964957,727.3812866210938,8342138
2022-08-19,HDFCBANK.NS,726.563363324178,727.5256989047398,716.9400075185597,718.4075927734375,8063702
2022-08-22,HDFCBANK.NS,714.4378945404134,716.1460048012029,706.2098790742172,707.4849853515625,8234066
2022-08-23,HDFCBANK.NS,699.2811184238794,710.1795210324121,697.8857201939286,705.2957153320312,14966884
2022-08-24,HDFCBANK.NS,703.4191637412739,709.9630335639699,702.1199755407531,708.6879272460938,13455520
2022-08-25,HDFCBANK.NS,712.0801600941289,715.4002292936442,701.0614069473538,704.8385620117188,11823040
2022-08-26,HDFCBANK.NS,708.303013425697,712.9943990116683,703.0822963230394,704.9588623046875,7706176
2022-08-29,HDFCBANK.NS,691.4380811198513,695.7685910224809,687.3962601301372,692.5928955078125,8653178
2022-08-30,HDFCBANK.NS,695.9851015854548,716.9158997056655,694.3732012935722,715.0634155273438,10135400
2022-09-01,HDFCBANK.NS,704.7904820543832,716.6753023262013,702.023767412422,708.3511352539062,22403136
2022-09-02,HDFCBANK.NS,708.351141283871,717.1805580778581,705.0069900550793,714.7747192382812,12038086
2022-09-05,HDFCBANK.NS,715.0633864131738,721.2704621778411,714.101050906599,719.369873046875,12131932
2022-09-06,HDFCBANK.NS,721.2223114778902,724.9513613297232,715.2317380870402,716.6271362304688,12238696
2022-09-07,HDFCBANK.NS,707.9420794745788,716.9398922111682,707.9420794745788,713.2349243164062,9776206
2022-09-08,HDFCBANK.NS,716.9881044068499,721.7516772237872,713.1628440120845,720.5968627929688,11164690
2022-09-09,HDFCBANK.NS,719.9231885431478,726.0821594471598,718.8887248344994,721.0780029296875,15128888
2022-09-12,HDFCBANK.NS,721.7516408855068,723.6763119278681,716.9399632796035,718.6481323242188,11080492
2022-09-13,HDFCBANK.NS,721.2223124269915,729.4021637256475,721.0539154710427,728.0548706054688,13001966
2022-09-14,HDFCBANK.NS,718.8887165967504,740.4690789237419,718.0706961615213,735.537109375,20219760
2022-09-15,HDFCBANK.NS,736.1866756721654,741.4554391702014,727.5256559583752,731.7117919921875,13539372
2022-09-16,HDFCBANK.NS,723.2432582308112,728.8247925761237,713.5717978693896,718.26318359375,20560046
2022-09-19,HDFCBANK.NS,716.4588155669953,728.4880099183553,712.1283056005058,723.002685546875,12076038
2022-09-20,HDFCBANK.NS,728.4879914821296,733.299669100902,726.5152154056927,731.7117919921875,10781668
2022-09-21,HDFCBANK.NS,725.6009801321287,732.0967448746909,724.1574768560039,730.5810546875,9072304
2022-09-22,HDFCBANK.NS,722.7140042906975,726.6355334380704,713.4515245419652,715.0153198242188,12048144
2022-09-23,HDFCBANK.NS,708.4473930800602,709.7224994874169,691.438123229436,695.8408203125,15806252
2022-09-26,HDFCBANK.NS,685.8324662197185,691.1734166960763,682.2958948729614,686.4580078125,8923486
2022-09-27,HDFCBANK.NS,689.2247583187195,692.881621797613,677.0030846314178,680.299072265625,12639700
2022-09-28,HDFCBANK.NS,676.5218756703962,678.735235635856,666.8504153685985,668.606689453125,11816132
2022-09-29,HDFCBANK.NS,671.8545371114053,674.6933797809945,663.434101683277,665.1422119140625,14410388
2022-09-30,HDFCBANK.NS,663.4341231736677,688.7675584504451,656.7939846693048,683.9077758789062,15781756
2022-10-03,HDFCBANK.NS,678.4224718418965,682.22370896109,674.1641488370536,679.9862670898438,11541112
2022-10-04,HDFCBANK.NS,687.8293370288237,701.5426186694823,686.2174367235855,699.1367797851562,11538526
2022-10-06,HDFCBANK.NS,702.4808255656671,703.7559318367181,690.0907561363719,691.4380493164062,12549198
2022-10-07,HDFCBANK.NS,688.1901072180511,690.4515719276419,683.4265352110768,688.4547729492188,13297994
2022-10-10,HDFCBANK.NS,677.4841817579505,686.1452011270152,672.7687143847188,680.8523559570312,13109302
2022-10-11,HDFCBANK.NS,674.1641338324686,681.8147129301799,673.3701952846903,673.9476318359375,14521620
2022-10-12,HDFCBANK.NS,675.1745875438293,680.7802037798269,672.3357447059547,678.350341796875,9225050
2022-10-13,HDFCBANK.NS,674.6212615810351,676.6421426191388,665.9361602736982,670.5553588867188,14714234
2022-10-14,HDFCBANK.NS,681.8147602518703,696.249793990442,680.9727166171202,692.4004516601562,12849920
2022-10-17,HDFCBANK.NS,690.4757528984051,701.3501327995798,686.626410721968,696.0332641601562,18410500
2022-10-18,HDFCBANK.NS,701.5666873690876,703.90033929577,692.8815856653596,694.7340698242188,10561108
2022-10-19,HDFCBANK.NS,704.4296436407238,710.8773037655702,699.3292768206403,701.8554077148438,12967040
2022-10-20,HDFCBANK.NS,694.8062769145736,699.0886819198254,694.0845252418784,697.1159057617188,7898078
2022-10-21,HDFCBANK.NS,698.6555450817992,701.3741545079234,689.9945259278926,692.2078857421875,10492606
2022-10-24,HDFCBANK.NS,699.7622496749542,703.948385410148,699.7622496749542,703.0101318359375,2167794
2022-10-25,HDFCBANK.NS,703.0342306280569,706.2580899913314,695.2874411281454,698.1263427734375,13773394
2022-10-27,HDFCBANK.NS,704.6701461335379,706.0414624275766,698.2946736608377,699.8103637695312,15937276
2022-10-28,HDFCBANK.NS,697.6931978037887,705.8730490883848,696.442173472227,701.8793334960938,10474278
2022-10-31,HDFCBANK.NS,708.2789372387135,720.7892989018973,705.9933903964011,720.1637573242188,12830528
2022-11-01,HDFCBANK.NS,723.4357504196331,735.7055286941263,721.2223903997298,728.1271362304688,19073756
2022-11-02,HDFCBANK.NS,729.931460645262,735.34459771333,727.33314310533,728.5841674804688,12720406
2022-11-03,HDFCBANK.NS,720.6449111524606,731.4952673413037,720.3081172240958,725.3844604492188,10332352
2022-11-04,HDFCBANK.NS,723.2913397099678,729.4984154442802,716.7474700445205,720.3803100585938,10818060
2022-11-07,HDFCBANK.NS,726.5632786654467,727.5256141338776,717.9503644757295,725.9859008789062,9835834
2022-11-09,HDFCBANK.NS,728.9932072410344,730.38854669658,723.6762802249166,725.7693481445312,9269790
2022-11-10,HDFCBANK.NS,720.3562225050898,734.7431498920162,719.3698638652188,733.6605224609375,12774182
2022-11-11,HDFCBANK.NS,743.4041999414936,787.6716345011165,740.0360255728266,775.2334594726562,56722338
2022-11-14,HDFCBANK.NS,775.6423393237892,783.3410225925116,768.9059914636571,777.1099243164062,19195390
2022-11-15,HDFCBANK.NS,781.0074781111963,781.0074781111963,772.3945632755499,779.0106201171875,11030202
2022-11-16,HDFCBANK.NS,778.8421514086572,790.0774060630871,775.6423742836154,785.6987915039062,13578150
2022-11-17,HDFCBANK.NS,778.5775416526076,785.0492832742325,776.5566605526772,778.6016235351562,12100930
2022-11-18,HDFCBANK.NS,779.9729198902146,780.9352553866862,772.3945278555009,776.556640625,10459232
2022-11-21,HDFCBANK.NS,773.5493742606727,775.6424423049926,765.1529614641645,768.5933227539062,8344816
2022-11-22,HDFCBANK.NS,769.8684242750784,771.9614923063164,765.5379143885311,767.4625854492188,8546314
2022-11-23,HDFCBANK.NS,772.2741699253228,772.2741699253228,766.9813251470183,769.4593505859375,10185738
2022-11-24,HDFCBANK.NS,772.731331473911,785.2657749671398,769.4594259866601,781.9697875976562,17197960
2022-11-25,HDFCBANK.NS,784.1590590980275,785.1213945985398,776.6528539412901,778.3610229492188,8410496
2022-11-28,HDFCBANK.NS,771.2638148082744,773.4530928760762,767.0054918764588,769.9887084960938,16105980
2022-11-29,HDFCBANK.NS,768.5451734076865,775.8107945409757,766.4280236025191,768.8338623046875,12638236
2022-11-30,HDFCBANK.NS,768.4730227722782,776.0754969244954,768.4730227722782,773.9342651367188,15184806
2022-12-01,HDFCBANK.NS,780.454140154658,787.6716568638566,777.0859656903655,779.251220703125,20446366
2022-12-02,HDFCBANK.NS,774.680127315897,778.8181584847341,772.3464753255907,773.2847290039062,7811078
2022-12-05,HDFCBANK.NS,774.6560449978288,776.8934869252123,768.0399880135933,776.0995483398438,11592622
2022-12-06,HDFCBANK.NS,770.3495948908293,776.4604020366052,769.8684271238768,775.2334594726562,12353092
2022-12-07,HDFCBANK.NS,776.6769012486282,778.8180741474324,772.0095390371375,774.8965454101562,11674720
2022-12-08,HDFCBANK.NS,774.6801267872993,782.378811277111,772.2742878842332,779.251220703125,14803634
2022-12-09,HDFCBANK.NS,782.3787950839879,786.637118107019,779.4917884600618,784.8087158203125,11963384
2022-12-12,HDFCBANK.NS,781.897599252911,795.6589852525027,780.1654070879796,790.9194946289062,14434808
2022-12-13,HDFCBANK.NS,793.9268484620385,797.2950229706653,791.5210095273051,793.10888671875,17031702
2022-12-14,HDFCBANK.NS,795.3703041942985,801.3849011709643,793.9268009198986,799.8211059570312,14227640
2022-12-15,HDFCBANK.NS,797.319103295872,803.2615137057865,782.88406971569,785.1696166992188,18182648
2022-12-16,HDFCBANK.NS,779.5157798111618,791.5689958244285,774.198853068412,788.9466552734375,14647958
2022-12-19,HDFCBANK.NS,791.0398199705028,792.3149263180803,782.4750101040391,791.4006958007812,9604542
2022-12-20,HDFCBANK.NS,779.5879427299554,787.3828952985053,779.5879427299554,785.9393920898438,7174698
2022-12-21,HDFCBANK.NS,789.5962507751079,791.4247116571615,773.0200458484181,778.3369140625,9269198
2022-12-22,HDFCBANK.NS,780.5503710559809,783.1005838558391,774.1989796768327,775.6665649414062,9747096
2022-12-23,HDFCBANK.NS,763.6132225912555,771.8652612871225,762.867389080973,768.7376708984375,10693152
2022-12-26,HDFCBANK.NS,769.6278068793584,788.6339327760353,765.0567133092716,784.0387573242188,9907322
2022-12-27,HDFCBANK.NS,785.7469942121562,787.1664156857469,776.3642223890472,784.832763671875,7926772
2022-12-28,HDFCBANK.NS,780.983294437702,785.7468664900749,780.983294437702,784.2071533203125,8691870
2022-12-29,HDFCBANK.NS,779.5398097026953,790.7991460730816,775.1611952076266,789.7406005859375,11012896
2022-12-30,HDFCBANK.NS,791.5209337293505,791.5209337293505,779.4917402076278,783.4132690429688,7122640
2023-01-02,HDFCBANK.NS,782.8599557722763,788.9948447926183,778.7941116415499,783.6779174804688,4381378
2023-01-03,HDFCBANK.NS,780.5502688048173,790.5585810922254,780.5502688048173,788.8023071289062,8378030
2023-01-04,HDFCBANK.NS,786.709274515468,791.8818278494382,773.2365774595456,774.7041625976562,10351600
2023-01-05,HDFCBANK.NS,777.0858888332178,778.5534739134582,764.7680066150712,769.7239990234375,10941436
2023-01-06,HDFCBANK.NS,770.8307523930382,774.2470317456477,759.3789361975485,767.1738891601562,9092462
2023-01-09,HDFCBANK.NS,767.9437146970364,775.4258965646997,765.0567082508069,768.6654663085938,10729340
2023-01-10,HDFCBANK.NS,769.8683496277957,769.8683496277957,753.0274794796877,754.6153564453125,16371766
2023-01-11,HDFCBANK.NS,754.4469115539331,768.9060251968651,750.6216516314828,765.48974609375,15195798
2023-01-12,HDFCBANK.NS,763.998177755398,771.7449667913606,762.2419037187744,769.5797119140625,9250070
2023-01-13,HDFCBANK.NS,769.2669828560861,774.6320153125537,763.1320937043018,770.1812133789062,9244546
2023-01-16,HDFCBANK.NS,777.0859473381312,780.1173277789237,760.3894492396894,762.7952880859375,14748094
2023-01-17,HDFCBANK.NS,764.9605254372576,775.1612584159965,759.0421385172157,774.1508178710938,10786354
2023-01-18,HDFCBANK.NS,772.2742970463503,789.8850262784646,769.7240842843244,787.8160400390625,19090642
2023-01-19,HDFCBANK.NS,787.6716113274065,793.9267921137573,785.7469403162216,791.087890625,11172162
2023-01-20,HDFCBANK.NS,791.0878917418223,803.068980550622,790.7510978089086,799.195556640625,18843404
2023-01-23,HDFCBANK.NS,801.7458215030824,809.6129030380878,799.4121694938297,805.0418090820312,15444400
2023-01-24,HDFCBANK.NS,805.9800286815163,819.139954334254,805.9559468005266,815.8198852539062,24983940
2023-01-25,HDFCBANK.NS,813.8471429635326,814.5929177332151,791.6653214666925,793.2772216796875,14704142
2023-01-27,HDFCBANK.NS,785.2657804091282,787.6716191971464,765.032652707376,777.4708862304688,35179948
2023-01-30,HDFCBANK.NS,767.4626270039054,782.0420345725445,761.2074457179801,776.677001953125,18512822
2023-01-31,HDFCBANK.NS,779.3473843212695,780.7908875770869,767.4625643428925,771.552490234375,18596244
2023-02-01,HDFCBANK.NS,781.4164037954262,801.1442809848427,772.7553845415359,783.1245727539062,17302790
2023-02-02,HDFCBANK.NS,773.7658324138648,781.6569951120864,764.4552483744704,771.4802856445312,17497106
2023-02-03,HDFCBANK.NS,775.1612302770866,798.9790334420251,773.2365593142633,798.1610717773438,14411100
2023-02-06,HDFCBANK.NS,798.7384939446326,803.2614827057959,792.0983552594887,794.7688598632812,11167672
2023-02-07,HDFCBANK.NS,798.4498004893098,801.0962231951561,785.5544809008483,795.9476928710938,10264588
2023-02-08,HDFCBANK.NS,795.9717323644562,802.6839988300309,793.9267694733884,795.8514404296875,8444826
2023-02-09,HDFCBANK.NS,798.738479108453,799.5324176572361,786.9739509076702,794.1914672851562,11777336
2023-02-10,HDFCBANK.NS,793.3494822002282,798.0167863072628,790.1737277709518,797.3431396484375,8172116
2023-02-13,HDFCBANK.NS,796.3326188427218,799.5805011250109,791.3044393965116,797.9445190429688,5736944
2023-02-14,HDFCBANK.NS,801.1443083812574,807.1589052910266,797.7520522296284,805.3304443359375,10908592
2023-02-15,HDFCBANK.NS,807.3994872360046,807.3994872360046,797.1746725138561,803.6945190429688,11438712
2023-02-16,HDFCBANK.NS,805.0898752375481,809.2760700053668,799.2196520403804,800.783447265625,8062500
2023-02-17,HDFCBANK.NS,799.2196298038508,802.6599909509282,790.5345284538475,796.7656860351562,8956270
2023-02-20,HDFCBANK.NS,798.7384045852328,803.2854159842882,786.61300169689,789.283447265625,8086706
2023-02-21,HDFCBANK.NS,789.1150855033404,799.8691726347396,786.2280790929624,792.24267578125,12389296
2023-02-22,HDFCBANK.NS,788.6339109553685,790.0533322670238,774.222960909244,776.700927734375,10359102
2023-02-23,HDFCBANK.NS,776.1235754720026,778.9383950431011,766.0671578181314,771.4321899414062,27882010
2023-02-24,HDFCBANK.NS,778.4813560195853,778.4813560195853,762.7471345130758,764.551513671875,17061740
2023-02-27,HDFCBANK.NS,763.0839132987682,769.3871988024864,758.94588257592,766.4520874023438,14312972
2023-02-28,HDFCBANK.NS,766.0189795071293,772.4185334208952,764.4311026003177,769.6758422851562,18993992
2023-03-01,HDFCBANK.NS,775.6423810879135,776.1235488181169,767.8234054721079,768.9301147460938,14137256
2023-03-02,HDFCBANK.NS,766.9813446479279,772.7312753996731,761.2073320156976,762.3861694335938,17391814
2023-03-03,HDFCBANK.NS,767.943731924865,779.4917579688479,764.094389910204,777.5189819335938,14986234
2023-03-06,HDFCBANK.NS,779.4917852900815,788.8504748967295,778.5535316356411,783.0043334960938,27004710
2023-03-08,HDFCBANK.NS,779.4917718675084,788.8745431955432,779.4917718675084,784.568115234375,20099774
2023-03-09,HDFCBANK.NS,784.27938296168,791.9780672791738,782.859961535162,784.6402587890625,20700166
2023-03-10,HDFCBANK.NS,774.8965873418113,776.4844644274136,762.6508914747951,764.4071655273438,27387000
2023-03-13,HDFCBANK.NS,764.0462404475056,771.6968190039678,753.0034059433883,754.7356567382812,26443550
2023-03-14,HDFCBANK.NS,755.5536842804477,761.9772622068983,750.2849207392273,752.7147827148438,33185612
2023-03-15,HDFCBANK.NS,759.2828049016546,761.6405389201565,739.3624458014605,741.9126586914062,37264754
2023-03-16,HDFCBANK.NS,740.5172279680158,750.1886887887587,737.1731353258391,746.7243041992188,21753342
2023-03-17,HDFCBANK.NS,749.4187927190782,759.8601097073861,740.9983568458301,756.70849609375,22950876
2023-03-20,HDFCBANK.NS,754.4469617185391,754.5191486294086,743.596664030981,751.4637451171875,26503114
2023-03-21,HDFCBANK.NS,756.3716494546454,761.4479929018443,748.793257108229,759.9804077148438,33050494
2023-03-22,HDFCBANK.NS,762.1697342790129,763.156151684689,753.1719206327385,758.2241821289062,14177324
2023-03-23,HDFCBANK.NS,754.350750068819,765.225129615806,749.9240302046185,752.1373901367188,28364178
2023-03-24,HDFCBANK.NS,750.6216774626521,757.3099208232004,748.1917568712191,750.9344482421875,31477748
2023-03-27,HDFCBANK.NS,751.6802291971494,759.9803728144399,750.092410877359,754.2063598632812,31872006
2023-03-28,HDFCBANK.NS,753.3643152523856,761.6404357125624,752.5944586072359,760.3412475585938,39276302
2023-03-29,HDFCBANK.NS,762.1697689090198,770.8307890102587,761.1593283111356,763.9982299804688,39763612
2023-03-31,HDFCBANK.NS,767.7512367744048,776.0994853441741,766.2115234957539,774.4635620117188,34711228
2023-04-03,HDFCBANK.NS,773.5011989750112,777.4226689404504,771.1915704030113,774.9447021484375,40025398
2023-04-05,HDFCBANK.NS,778.8180825386323,796.8137675382653,777.5670581774376,795.7311401367188,43365392
2023-04-06,HDFCBANK.NS,793.2291334002176,803.1652006446278,792.5314049071793,801.7938842773438,44637344
2023-04-10,HDFCBANK.NS,800.3022433921424,804.0312933763835,795.8514417980481,797.9926147460938,31813286
2023-04-11,HDFCBANK.NS,798.2573101275717,803.2614665555587,794.4560730939902,800.3263549804688,42361542
2023-04-12,HDFCBANK.NS,802.5878572606912,812.3074229248433,802.4916471991853,810.7196044921875,26955504
2023-04-13,HDFCBANK.NS,812.3555567321653,816.5657746530499,807.4716921966794,814.3523559570312,35330086
2023-04-17,HDFCBANK.NS,827.6085828103118,827.6085828103118,795.5147153318975,801.9382934570312,32405148
2023-04-18,HDFCBANK.NS,803.550177070361,807.0386434079419,797.00630713609,798.5460205078125,29637226
2023-04-19,HDFCBANK.NS,801.1442851788886,803.6944976892919,797.3671301762054,801.4810791015625,24741168
2023-04-20,HDFCBANK.NS,804.368086679066,807.134801181368,801.8179329013308,804.46435546875,32922716
2023-04-21,HDFCBANK.NS,803.0689611623811,806.8942212156402,800.3022466466929,805.7634887695312,20128618
2023-04-24,HDFCBANK.NS,811.7300315452851,813.8712046366431,805.5229555378388,812.2833862304688,35675852
2023-04-25,HDFCBANK.NS,812.066755339811,812.066755339811,799.6526631336261,800.7352905273438,50353068
2023-04-26,HDFCBANK.NS,798.738456878835,805.955973055451,796.3326181532963,804.416259765625,27392750
2023-04-27,HDFCBANK.NS,803.7907560168101,810.8879805910382,801.5533141495392,808.843017578125,47790392
2023-04-28,HDFCBANK.NS,810.6232785465422,813.6546588421882,803.5501361717647,812.0186767578125,27916272
2023-05-02,HDFCBANK.NS,812.547950500037,817.5040017864336,809.3241500911014,811.8502807617188,32221184
2023-05-03,HDFCBANK.NS,810.7435373497618,816.0604642226169,808.193383640843,814.6891479492188,29407270
2023-05-04,HDFCBANK.NS,811.7781309061464,834.5614130090665,811.7781309061464,831.3616943359375,56854638
2023-05-05,HDFCBANK.NS,788.6339660930405,799.1955750303342,780.5022191249311,782.2103881835938,62770416
2023-05-08,HDFCBANK.NS,786.7093355416769,794.095249360511,784.3034965950662,791.25634765625,37244524
2023-05-09,HDFCBANK.NS,793.878651970084,796.8137633850524,789.0909977997552,791.2803344726562,43688938
2023-05-10,HDFCBANK.NS,791.2803318242208,796.1641960299875,785.7950079560763,794.9371948242188,46340550
2023-05-11,HDFCBANK.NS,801.2164814876731,812.2111527020498,793.5659026029952,795.4664916992188,35734618
2023-05-12,HDFCBANK.NS,792.4833249747595,804.8974770572269,791.1601135942614,802.4916381835938,22478760
2023-05-15,HDFCBANK.NS,804.5124814304968,808.7226992609494,801.1924121940802,806.3409423828125,18512260
2023-05-16,HDFCBANK.NS,813.6412692634764,813.6412692634764,800.1113815056924,801.7174682617188,32722086
2023-05-17,HDFCBANK.NS,803.0314612780545,803.0314612780545,791.0346460503185,797.4102172851562,30466868
2023-05-18,HDFCBANK.NS,802.0580796447568,804.953835962047,798.1645938212387,800.5980224609375,49646942
2023-05-19,HDFCBANK.NS,802.0581085513332,803.0314800422937,794.0521518021368,801.5227661132812,30460332
2023-05-22,HDFCBANK.NS,800.597982910975,804.4428118537385,794.6117249890884,798.6755981445312,28334032
2023-05-23,HDFCBANK.NS,802.5447339766307,802.8367335199955,794.9767474392801,796.8018188476562,22470074
2023-05-24,HDFCBANK.NS,792.1053982534182,795.6095118101778,785.3160965486113,786.3868408203125,33588112
2023-05-25,HDFCBANK.NS,786.3380947431477,788.455225154943,777.407423655138,783.3693237304688,29776930
2023-05-26,HDFCBANK.NS,787.944211421121,787.944211421121,779.7922252930767,786.3868408203125,26635066
2023-05-29,HDFCBANK.NS,792.5676872978805,798.6512587386072,790.7912725552128,795.9744873046875,21816292
2023-05-30,HDFCBANK.NS,795.0498137776772,799.4543434930372,792.5920864341458,796.5828857421875,37125928
2023-05-31,HDFCBANK.NS,793.249109394473,795.706836766176,780.9602943063138,783.9777221679688,43334270
2023-06-01,HDFCBANK.NS,788.3822359863269,788.3822359863269,778.6971779535536,780.6439208984375,50366938
2023-06-02,HDFCBANK.NS,784.7563519232599,785.9001108734474,779.1838242892643,781.860595703125,17859710
2023-06-05,HDFCBANK.NS,785.754075781894,786.7274471981615,779.8894892349321,780.8385620117188,18697242
2023-06-06,HDFCBANK.NS,782.4203699015892,783.4910548041016,774.9253973543547,778.4052124023438,32182852
2023-06-07,HDFCBANK.NS,780.3762267164857,784.8051144822347,776.7504417142903,782.4446411132812,24949026
2023-06-08,HDFCBANK.NS,780.278861070367,791.350960923385,780.278861070367,782.9312744140625,37395522
2023-06-09,HDFCBANK.NS,786.4355374130215,787.7009085166137,782.1040222342899,783.8560791015625,18212578
2023-06-12,HDFCBANK.NS,784.8051052341397,786.3868338718737,778.4294745818307,779.0865478515625,13408292
2023-06-13,HDFCBANK.NS,773.8789124939628,783.0772840204289,773.8789124939628,780.4005126953125,27926108
2023-06-14,HDFCBANK.NS,783.7829699953168,784.537356602154,778.7944415181629,779.548828125,20113968
2023-06-15,HDFCBANK.NS,780.6439096325554,781.5929230405386,768.4767664026215,769.961181640625,35377476
2023-06-16,HDFCBANK.NS,772.4432372595309,783.1746215295391,770.9101653895649,780.0355224609375,15779272
2023-06-19,HDFCBANK.NS,784.0507042851576,785.6324328940507,777.8941179716442,780.7169189453125,24829146
2023-06-20,HDFCBANK.NS,780.7169656771292,784.0507512165266,774.1467079853705,782.3473510742188,20005626
2023-06-21,HDFCBANK.NS,786.4841646307309,796.8262367213268,784.0507359035319,796.023193359375,24308946
2023-06-22,HDFCBANK.NS,798.1646301932708,806.7059888717916,797.7023024946114,799.9166870117188,56596140
2023-06-23,HDFCBANK.NS,796.9722855006775,807.8497002925832,795.2688853504051,799.8680419921875,21339218
2023-06-26,HDFCBANK.NS,800.5979965482512,803.3964393933287,792.6649956756461,795.9988403320312,16130314
2023-06-27,HDFCBANK.NS,799.6003360457688,814.1766100290189,797.4589662553369,807.2169799804688,33831864
2023-06-28,HDFCBANK.NS,812.7651716503821,817.5833722744769,808.1416572008739,815.75830078125,59562950
2023-06-30,HDFCBANK.NS,829.3124901661796,831.6486054517263,819.2137611926184,828.047119140625,40699016
2023-07-03,HDFCBANK.NS,833.4493066629323,855.3501643562647,832.232592346636,837.0021362304688,44104116
2023-07-04,HDFCBANK.NS,838.7785746015386,850.2400483591142,834.0821044038221,841.09033203125,38795188
2023-07-05,HDFCBANK.NS,835.274343134364,837.0994145323269,812.0594587162262,814.3712158203125,37165754
2023-07-06,HDFCBANK.NS,814.2252369257229,821.4525082286525,808.0930085295972,815.1986083984375,52156544
2023-07-07,HDFCBANK.NS,810.3317601084606,815.1986175265295,806.0976179186929,808.093017578125,19926336
2023-07-10,HDFCBANK.NS,808.3850372058562,816.0503378295722,802.8854644229833,806.1705932617188,38398442
2023-07-11,HDFCBANK.NS,809.3584077333511,815.6853225262156,800.841407050649,802.2528076171875,50670426
2023-07-12,HDFCBANK.NS,805.6352319869237,810.9644765133695,791.9107178120092,794.7334594726562,70958358
2023-07-13,HDFCBANK.NS,806.2922367876993,806.6572510904781,797.2155953198356,798.699951171875,41913546
2023-07-14,HDFCBANK.NS,804.7835648843277,804.7835648843277,795.7312215849707,800.354736328125,24727214
2023-07-17,HDFCBANK.NS,803.0314502823962,818.6053935606003,794.7577929158504,817.0966796875,49252928
2023-07-18,HDFCBANK.NS,826.3924020963348,829.3125165913748,812.7652011194812,816.4153442382812,81076818
2023-07-19,HDFCBANK.NS,818.1673318749405,821.8904894232893,815.1985609379775,820.1140747070312,32935134
2023-07-20,HDFCBANK.NS,818.1917033699069,823.4722315067543,817.6320029145078,821.8905029296875,56210948
2023-07-21,HDFCBANK.NS,817.6320741412428,822.4016183376864,814.3469452719253,815.5636596679688,42154248
2023-07-24,HDFCBANK.NS,816.9019892100436,819.8951183000274,812.813817239081,816.8533325195312,32179444
2023-07-25,HDFCBANK.NS,819.8951884245319,826.879117291901,816.853402383876,825.7110595703125,55992596
2023-07-26,HDFCBANK.NS,827.1710534459679,827.1710534459679,821.5255108693627,822.8395385742188,24794358
2023-07-27,HDFCBANK.NS,827.317122690067,828.8258366410838,811.5241343729674,814.2982788085938,59741302
2023-07-28,HDFCBANK.NS,808.6283856221597,812.2298721075693,798.6999842928814,799.8680419921875,41015684
2023-07-31,HDFCBANK.NS,803.0557764440342,806.3409049738307,797.531846128994,803.6154174804688,34565006
2023-08-01,HDFCBANK.NS,805.1972354940766,811.5241504025686,803.0315076162769,808.993408203125,35394188
2023-08-02,HDFCBANK.NS,799.1379875966741,803.7615021412346,794.830830666086,798.407958984375,28116322
2023-08-03,HDFCBANK.NS,798.1646183703506,803.6884896703888,789.8909607409018,792.6407470703125,57673946
2023-08-04,HDFCBANK.NS,795.8041560498854,806.1948841477191,792.932698459204,804.1021118164062,37388304
2023-08-07,HDFCBANK.NS,809.4070457041624,809.4070457041624,801.8391180613743,803.6398315429688,28300918
2023-08-08,HDFCBANK.NS,803.8588478451442,805.7569341954113,799.1623777784342,802.9828491210938,43773828
2023-08-09,HDFCBANK.NS,804.4914945725491,805.221523152016,793.8330654303563,803.2747802734375,33361236
2023-08-10,HDFCBANK.NS,801.5957522263969,805.099865704745,793.7844225264857,796.1448364257812,50781118
2023-08-11,HDFCBANK.NS,797.385890968424,797.385890968424,786.5814324003055,787.8468627929688,28225822
2023-08-14,HDFCBANK.NS,784.0507318876311,785.9974748594191,778.8188601509507,784.0020751953125,31304410
2023-08-16,HDFCBANK.NS,770.4721710730195,783.3937010320665,769.5961724006356,781.714599609375,34137542
2023-08-17,HDFCBANK.NS,777.5291487912239,783.5154073300141,775.7770919586137,777.3831787109375,52884040
2023-08-18,HDFCBANK.NS,772.6379419530916,776.8964420218484,771.6402124587459,774.1953125,25633366
2023-08-21,HDFCBANK.NS,778.940456720372,778.940456720372,772.3701998220746,773.5869140625,21837270
2023-08-22,HDFCBANK.NS,776.9207993465027,777.723842730673,768.9634990703776,770.2775268554688,32273570
2023-08-23,HDFCBANK.NS,768.9634232990884,774.0979813135489,765.678294750184,772.175537109375,36498588
2023-08-24,HDFCBANK.NS,775.4364030038525,776.8477441031978,767.0897307917666,768.622802734375,43145792
2023-08-25,HDFCBANK.NS,766.3110504597091,767.746749618975,758.4510639302869,759.9597778320312,30069756
2023-08-28,HDFCBANK.NS,759.9597651143588,770.2531801549441,759.9597651143588,767.868408203125,28867238
2023-08-29,HDFCBANK.NS,773.6842594017068,775.1200179106506,769.669102242421,773.976318359375,35538932
2023-08-30,HDFCBANK.NS,780.6195643753474,780.6195643753474,765.8973208258516,768.3307495117188,28084204
2023-08-31,HDFCBANK.NS,768.4767470204652,770.4965046276685,760.7384322394234,764.80224609375,100075772
2023-09-01,HDFCBANK.NS,764.5833196769412,768.4768057096691,758.9134187598048,766.384033203125,43226776
2023-09-04,HDFCBANK.NS,773.830392259731,774.5360628786551,766.481448844147,771.177978515625,25073638
2023-09-05,HDFCBANK.NS,773.0516417713671,773.0516417713671,764.38861183011,766.4813842773438,38712082
2023-09-06,HDFCBANK.NS,767.4060807161218,778.6971658570981,766.4813659496907,776.507080078125,56320910
2023-09-07,HDFCBANK.NS,776.5071078478363,785.510794150052,772.4432937501639,783.9777221679688,34208342
2023-09-08,HDFCBANK.NS,782.7366896240351,794.7091467964383,782.3959739643648,790.0856323242188,34502210
2023-09-11,HDFCBANK.NS,792.762427572447,796.4612273788786,790.3776555229446,794.173828125,31573022
2023-09-12,HDFCBANK.NS,798.164597670977,799.5759981707856,790.8886697671352,796.6558837890625,39033340
2023-09-13,HDFCBANK.NS,793.9304547919241,803.8101394610018,792.6163676755281,800.0626831054688,46420094
2023-09-14,HDFCBANK.NS,800.2330026157181,803.0314455319658,795.7798163539742,799.5759887695312,23538848
2023-09-15,HDFCBANK.NS,803.0315033597159,812.7652185519548,803.0315033597159,808.7500610351562,173411202
2023-09-18,HDFCBANK.NS,804.8565635467733,805.4649207376626,791.3996906023217,792.83544921875,37056288
2023-09-20,HDFCBANK.NS,778.2105490861316,778.2105490861316,759.4244901771611,761.030517578125,115474648
2023-09-21,HDFCBANK.NS,755.8229580049356,763.5855718328563,748.0603441770149,755.9932861328125,72841442
2023-09-22,HDFCBANK.NS,758.7430770496563,761.3711919566923,741.5874045249608,744.4588623046875,61704250
2023-09-25,HDFCBANK.NS,742.195730377536,749.8366724935371,742.195730377536,745.1158447265625,40208754
2023-09-26,HDFCBANK.NS,742.1957087996923,749.4959944600172,742.1957087996923,748.352294921875,27575308
2023-09-27,HDFCBANK.NS,741.2223412220462,745.8458554975613,737.3288555163493,743.0960693359375,39338538
2023-09-28,HDFCBANK.NS,746.5759362770035,748.3279930851168,738.9592924506106,741.5630493164062,55354188
2023-09-29,HDFCBANK.NS,741.5629997895483,747.2815569377753,740.8816873168103,742.8284301757812,32053782
2023-10-03,HDFCBANK.NS,743.1690816035621,743.1690816035621,732.9486816600946,733.9464111328125,38971694
2023-10-04,HDFCBANK.NS,727.5951410981291,747.0625696224938,724.7966982477518,744.41015625,54649430
2023-10-05,HDFCBANK.NS,747.0869560565192,755.1172706279191,745.8945403681716,747.4276123046875,48512674
2023-10-06,HDFCBANK.NS,751.4428415259151,751.9295273041055,744.5562258825445,746.600341796875,17759356
2023-10-09,HDFCBANK.NS,743.6558133244023,744.6291848078113,735.8688414571311,737.937255859375,16454972
2023-10-10,HDFCBANK.NS,740.0300286548502,744.1424994102023,737.426212407623,742.1227416992188,33266292
2023-10-11,HDFCBANK.NS,744.6778161774354,750.5424029295025,743.8991308991633,749.3013305664062,31333360
2023-10-12,HDFCBANK.NS,747.5979877590232,755.3363032633498,745.4079018281694,754.2899169921875,22025336
2023-10-13,HDFCBANK.NS,749.4960266639874,753.7788848660191,744.6048112974557,747.4276123046875,39745300
2023-10-16,HDFCBANK.NS,745.3592240817852,746.794923276397,740.0056808464606,744.4345092773438,17856084
2023-10-17,HDFCBANK.NS,757.1613181665532,757.1613181665532,747.0625893528261,750.0800170898438,32902558
2023-10-18,HDFCBANK.NS,750.0800718553149,750.0800718553149,738.8376426467095,739.6406860351562,31216200
2023-10-19,HDFCBANK.NS,732.6567520860139,742.8041382598725,731.5860077723223,737.3045654296875,30252364
2023-10-20,HDFCBANK.NS,732.4619708663353,743.1690561547468,732.4619708663353,741.125,21094010
2023-10-23,HDFCBANK.NS,741.4657259067877,744.0208260452915,730.0772676931944,732.9730834960938,22376136
2023-10-25,HDFCBANK.NS,740.2490577379119,741.1251158897211,725.8674694399969,728.3252563476562,28311996
2023-10-26,HDFCBANK.NS,725.7701287135245,726.1351430280494,710.6828703798318,712.2159423828125,55561798
2023-10-27,HDFCBANK.NS,715.1847324328306,719.3215614397575,713.9193613244532,715.014404296875,31940532
2023-10-30,HDFCBANK.NS,712.1429661841146,725.1374527205985,711.485952264384,722.7770385742188,23310982
2023-10-31,HDFCBANK.NS,731.9753494856925,731.9753494856925,717.3747773549939,718.5914916992188,32634824
2023-11-01,HDFCBANK.NS,711.6562028835086,719.053802155173,711.6562028835086,717.6181030273438,33877466
2023-11-02,HDFCBANK.NS,722.7282919430866,725.4050633947277,714.0409637501907,718.713134765625,45225154
2023-11-03,HDFCBANK.NS,724.188409593513,725.84315305655,721.0979669049797,722.1199951171875,18095340
2023-11-06,HDFCBANK.NS,729.0552066561768,729.0552066561768,721.7549208752405,727.351806640625,25593730
2023-11-07,HDFCBANK.NS,727.1084929912065,727.1084929912065,718.9321488241404,723.8233642578125,41952848
2023-11-08,HDFCBANK.NS,722.2172785513859,726.8407930714139,720.7815793854345,725.9161376953125,31399546
2023-11-09,HDFCBANK.NS,723.2150058605088,726.4271198457463,721.9982915168673,723.044677734375,22116740
2023-11-10,HDFCBANK.NS,720.3434947549177,728.0818092890966,720.3191961157734,725.8917236328125,14015186
2023-11-13,HDFCBANK.NS,726.1837249264701,728.0574529993991,723.1662973344708,724.5776977539062,20605914
2023-11-15,HDFCBANK.NS,732.0240144584016,735.3577999173147,730.2963157159859,732.1700439453125,41245460
2023-11-16,HDFCBANK.NS,734.7494210785321,739.2756221207742,731.8536647558356,734.0924072265625,29713838
2023-11-17,HDFCBANK.NS,725.16173850318,733.6787387876133,724.6750527726409,732.5106811523438,23701874
2023-11-20,HDFCBANK.NS,736.3554985735485,736.3554985735485,730.7829708116128,732.559326171875,19331452
2023-11-21,HDFCBANK.NS,739.2756311878541,740.7356883923068,735.9174877356371,738.7645874023438,24959972
2023-11-22,HDFCBANK.NS,739.7623206231069,739.7623206231069,731.7563640092628,736.1365356445312,29123650
2023-11-23,HDFCBANK.NS,734.1654184677379,741.6360324879696,734.1654184677379,740.39501953125,13046220
2023-11-24,HDFCBANK.NS,740.3463584220192,746.1622889319527,739.6893445243804,745.6512451171875,16469192
2023-11-28,HDFCBANK.NS,747.1599239182611,748.1576534487249,742.5851254924052,743.97216796875,28489338
2023-11-29,HDFCBANK.NS,746.5272858530379,760.6898293348779,746.0892567948611,758.8161010742188,34042488
2023-11-30,HDFCBANK.NS,763.6829374580863,765.2889647471237,750.542422535641,758.645751953125,69491440
2023-12-01,HDFCBANK.NS,758.2077422076743,762.028213465217,755.3849410922298,756.9910278320312,22153536
2023-12-04,HDFCBANK.NS,772.8569470817542,784.5374047202694,765.873018667368,783.2720336914062,50662456
2023-12-05,HDFCBANK.NS,796.4611682648754,797.6778825457567,786.7274540178253,790.2315673828125,52230820
2023-12-06,HDFCBANK.NS,797.4102676843459,797.4102676843459,786.8005536561491,792.2271118164062,38613060
2023-12-07,HDFCBANK.NS,790.86431017188,795.2444817359088,786.5814519897668,793.5167236328125,20450386
2023-12-08,HDFCBANK.NS,793.5167662504412,805.4649253113081,793.5167662504412,804.5888671875,33728038
2023-12-11,HDFCBANK.NS,803.0557997692163,809.6990123500813,801.5713845523902,803.5181274414062,23187620
2023-12-12,HDFCBANK.NS,805.0754658820659,806.0731953368484,794.1980523054578,795.5364379882812,36581476
2023-12-13,HDFCBANK.NS,794.4901060535459,796.2178641804811,786.0461204150259,793.7357788085938,29346914
2023-12-14,HDFCBANK.NS,801.0847344683164,807.3872910879392,800.5980487244109,803.1044921875,35172366
2023-12-15,HDFCBANK.NS,803.0314839042278,811.7918273650013,801.3767404796611,806.2192993164062,138837130
2023-12-18,HDFCBANK.NS,808.2389706500245,810.1857135762941,803.4937847672423,805.8055419921875,18014754
2023-12-19,HDFCBANK.NS,803.0314705665357,807.2413140972394,800.135714179051,804.44287109375,24008446
2023-12-20,HDFCBANK.NS,806.9249181384845,812.2541029714071,800.3303029144753,806.438232421875,34232520
2023-12-21,HDFCBANK.NS,806.438219443738,822.3771764061897,803.1530909094922,820.8927612304688,36589240
2023-12-22,HDFCBANK.NS,819.3840760112807,820.5034769444852,811.3537615362043,813.1788330078125,48578850
2023-12-26,HDFCBANK.NS,814.3469774999401,820.5278631124984,812.0595781088068,818.824462890625,18045856
2023-12-27,HDFCBANK.NS,818.3620896655261,830.5292334309963,816.9506891067552,828.9718627929688,27009078
2023-12-28,HDFCBANK.NS,831.8919383640549,837.7808237889657,828.3391087868577,829.9208374023438,44076470
2023-12-29,HDFCBANK.NS,825.9057143332578,834.6174011041943,825.4190285852712,831.8676147460938,25011426
2024-01-01,HDFCBANK.NS,830.285869252277,831.8189412093673,823.4722689184366,826.4410400390625,14239686
2024-01-02,HDFCBANK.NS,826.781764297971,828.7285072707376,821.8661907638304,826.927734375,29242092
2024-01-03,HDFCBANK.NS,828.3391176569097,829.6531453722021,812.2541304155426,814.1765747070312,28389762
2024-01-04,HDFCBANK.NS,816.6586975811834,824.9079973714623,813.1058678027235,822.91259765625,26734056
2024-01-05,HDFCBANK.NS,821.1118889384027,829.7505611476026,811.8405014795056,818.7027587890625,31889470
2024-01-08,HDFCBANK.NS,816.9020369293803,818.7757651976441,807.8983504931613,809.577392578125,17998470
2024-01-09,HDFCBANK.NS,811.3781093874959,816.5613241836867,801.4497088247701,803.2747802734375,25326888
2024-01-10,HDFCBANK.NS,799.6246288205809,807.8739279163432,798.8459435594566,805.9271850585938,16115824
2024-01-11,HDFCBANK.NS,807.8983430417109,809.309743595266,799.6246853117656,802.5447998046875,18314010
2024-01-12,HDFCBANK.NS,804.0048258385641,805.95156875827,795.0497965259408,798.7485961914062,19773552
2024-01-15,HDFCBANK.NS,801.9120099654888,818.0700109690749,799.9166104629336,814.1278686523438,28320356
2024-01-16,HDFCBANK.NS,814.2252545636514,819.4084696501124,806.9736250528656,817.2183837890625,25322500
2024-01-17,HDFCBANK.NS,764.0965828252033,777.1397839265529,743.8504686909188,748.279296875,170145236
2024-01-18,HDFCBANK.NS,727.1084960821111,737.32889662945,720.3192537681881,723.2880249023438,161070930
2024-01-19,HDFCBANK.NS,732.924355486129,735.0171279009493,714.6493418669147,715.744384765625,109600538
2024-01-23,HDFCBANK.NS,712.9945662952517,717.7153939258839,693.527137863982,694.6708374023438,115469402
2024-01-24,HDFCBANK.NS,671.7479491345199,709.8067477739886,671.7479491345199,708.5657348632812,86004404
2024-01-25,HDFCBANK.NS,706.9110553088505,709.27146932584,690.8017687875753,698.3453979492188,98941852
2024-01-29,HDFCBANK.NS,704.7453443356181,711.923959354735,703.6503013666003,707.9574584960938,65645498
2024-01-30,HDFCBANK.NS,707.90875580775,712.1185398649957,701.2654836786888,702.9202270507812,41728768
2024-01-31,HDFCBANK.NS,700.5841161285045,717.8371016849802,699.2700884068386,711.80224609375,65761040
2024-02-01,HDFCBANK.NS,713.0189555223712,717.1800828855794,708.6387839338071,713.651611328125,32690740
2024-02-02,HDFCBANK.NS,717.8614275967279,720.7085271394582,701.8251570967384,703.820556640625,44867754
2024-02-05,HDFCBANK.NS,703.7475666832909,706.6190243767684,697.9316959646247,703.1878662109375,38605046
2024-02-06,HDFCBANK.NS,703.5285448598157,705.5482430083341,697.2259293320517,702.8228149414062,41075740
2024-02-07,HDFCBANK.NS,707.1543478186637,707.5437201567751,694.330191039234,695.9362182617188,54837086
2024-02-08,HDFCBANK.NS,695.8876252029665,700.3164537570308,681.6034099643059,682.844482421875,69106124
2024-02-09,HDFCBANK.NS,677.5395933880455,688.2709787615526,675.0331498393979,683.1121215820312,56642124
2024-02-12,HDFCBANK.NS,681.1897546934406,688.0033555217624,673.2567528222265,676.4932250976562,34447812
2024-02-13,HDFCBANK.NS,677.4421602188512,683.4770749934498,673.7433606505093,678.6588745117188,57580994
2024-02-14,HDFCBANK.NS,669.6795681971766,677.2231970540489,663.6203545889955,673.597412109375,91320810
2024-02-15,HDFCBANK.NS,674.0597534612269,688.903668609651,673.7433958465795,688.197998046875,41584944
2024-02-16,HDFCBANK.NS,692.9918479710976,694.8412181662663,685.4725175238648,691.0451049804688,32175742
2024-02-19,HDFCBANK.NS,695.4739454261017,695.4739454261017,688.7576582283627,689.682373046875,34451756
2024-02-20,HDFCBANK.NS,688.6603356526384,709.222808572302,687.102965017942,707.787109375,56133508
2024-02-21,HDFCBANK.NS,712.507885437546,712.507885437546,698.3939997287421,700.4137573242188,45893136
2024-02-22,HDFCBANK.NS,689.9987587340186,695.3766603212918,687.2976289140083,690.8748168945312,50560882
2024-02-23,HDFCBANK.NS,692.3348761341468,697.8587478235042,690.1204320838871,691.3858032226562,29833452
2024-02-26,HDFCBANK.NS,687.9546346452112,698.3210050066913,687.9546346452112,692.213134765625,23506870
2024-02-27,HDFCBANK.NS,687.9546948776648,694.3545652339111,687.7113519923358,691.1668090820312,32087150
2024-02-28,HDFCBANK.NS,691.1667470533215,693.1377886016653,683.3067606806109,685.9348754882812,25321986
2024-02-29,HDFCBANK.NS,682.3820552900959,686.4215706434694,680.0459994144303,683.0147705078125,53295700
2024-03-01,HDFCBANK.NS,681.360036052442,697.2989940386686,681.360036052442,696.3256225585938,34738898
2024-03-04,HDFCBANK.NS,696.422958130924,699.3674307159147,693.186545384466,697.274658203125,35616474
2024-03-05,HDFCBANK.NS,692.067075174591,702.2874750189414,691.8967470591605,701.2410888671875,37991672
2024-03-06,HDFCBANK.NS,697.6883641851937,707.0813632922424,697.6883641851937,702.0928344726562,42409530
2024-03-07,HDFCBANK.NS,703.5042650748312,706.205394802925,701.5088653436588,703.7962646484375,49348046
2024-03-11,HDFCBANK.NS,695.9605773947812,703.7231908402335,692.553777365576,694.889892578125,50531094
2024-03-12,HDFCBANK.NS,697.9073192338245,712.5078907659129,695.5955620745772,710.3421630859375,65418454
2024-03-13,HDFCBANK.NS,713.2379447418698,716.2067158438075,705.7429725398497,710.755859375,63067454
2024-03-14,HDFCBANK.NS,711.5831514808099,713.4812375965001,702.9201816497791,708.3466796875,52432158
2024-03-15,HDFCBANK.NS,705.6943406988961,710.2205419583659,701.9225261192986,706.9840698242188,143613804
2024-03-18,HDFCBANK.NS,704.2342392927528,708.6144107880084,698.7833829737194,703.7719116210938,21437856
2024-03-19,HDFCBANK.NS,698.6374048635253,706.8624060469253,698.6374048635253,705.3779907226562,36183594
2024-03-20,HDFCBANK.NS,705.2320233558721,706.4973944482159,693.3568789456579,696.4716796875,43606094
2024-03-21,HDFCBANK.NS,702.0927826471133,706.3026258563286,700.000069771983,703.6258544921875,28922860
2024-03-22,HDFCBANK.NS,701.3141208411934,706.0593065998343,699.7323922549797,702.2144775390625,45980326
2024-03-26,HDFCBANK.NS,694.5978614753975,699.8297331586394,692.1401341445468,693.7218627929688,56844290
2024-03-27,HDFCBANK.NS,692.8214782766382,704.6965622791422,691.7020773602309,701.1680908203125,62168668
2024-03-28,HDFCBANK.NS,701.1681292352769,710.8045307526719,701.1681292352769,704.6723022460938,55592142
2024-04-01,HDFCBANK.NS,709.5878149173326,717.2774734382766,708.4197572494843,715.67138671875,25199570
2024-04-02,HDFCBANK.NS,713.0676337207477,727.5221766350272,712.1429189199621,720.367919921875,41225446
2024-04-03,HDFCBANK.NS,716.450076374618,727.9115494819865,716.109420115624,721.414306640625,45584386
2024-04-04,HDFCBANK.NS,731.9753490842609,744.62917825726,731.9753490842609,743.4611206054688,88935066
2024-04-05,HDFCBANK.NS,749.0093625181328,756.5529915753328,744.7022055513205,754.1439208984375,59055902
2024-04-08,HDFCBANK.NS,756.7720051664586,757.8914061879058,750.2504634550537,752.7081909179688,20482940
2024-04-09,HDFCBANK.NS,756.7233110790663,756.7233110790663,749.6420692068525,753.6572265625,21884494
2024-04-10,HDFCBANK.NS,754.3142814277871,754.3142814277871,746.0649220391629,747.7196655273438,27807400
2024-04-12,HDFCBANK.NS,740.2490112702176,744.5561681914903,736.5745101656407,739.2512817382812,41084208
2024-04-15,HDFCBANK.NS,728.8361984614614,734.8954117012732,726.1594270943376,727.4490966796875,23415248
2024-04-16,HDFCBANK.NS,723.7016987771374,736.3068713842836,721.3899415012858,734.5304565429688,20744886
2024-04-18,HDFCBANK.NS,734.7980983246009,739.2025682918519,725.6727413912242,727.4490966796875,34234884
2024-04-19,HDFCBANK.NS,723.4827148610226,747.0382572891224,720.4165709168466,745.2619018554688,34576434
2024-04-22,HDFCBANK.NS,757.9643557818745,757.9643557818745,734.0680986992392,735.9661254882812,42298438
2024-04-23,HDFCBANK.NS,742.8284760660457,742.9257894510552,731.6103458842442,733.7274169921875,26827060
2024-04-24,HDFCBANK.NS,737.3288649584306,740.613993564681,734.4331086916868,735.7227783203125,22441580
2024-04-25,HDFCBANK.NS,733.0704121681982,739.616311752735,733.0704121681982,735.260498046875,35445204
2024-04-26,HDFCBANK.NS,739.6650141563123,743.6558134751455,732.729742335618,734.7981567382812,24854694
2024-04-29,HDFCBANK.NS,737.3289207914913,746.7949349875348,733.216449914726,744.3858642578125,36093350
2024-04-30,HDFCBANK.NS,744.2398024289921,749.2526892649995,737.2802320622603,739.8109741210938,52307382
2024-05-02,HDFCBANK.NS,740.7357142083232,748.0360004850149,739.9326708359107,745.7242431640625,33475006
2024-05-03,HDFCBANK.NS,746.2108990812835,749.7880273318675,733.5327119903678,739.567626953125,31865242
2024-05-06,HDFCBANK.NS,740.7357053714223,746.819277196089,738.3752913854279,741.0520629882812,28793396
2024-05-07,HDFCBANK.NS,740.7113274497933,741.7334150168236,732.0483570497901,733.021728515625,28480602
2024-05-08,HDFCBANK.NS,728.0574791574124,728.5441648774708,720.465193806477,721.5845947265625,41687862
2024-05-09,HDFCBANK.NS,717.83709973452,723.5800151607533,703.4069152466064,704.4776000976562,46281278
2024-05-10,HDFCBANK.NS,709.9042861034679,716.2929072582592,703.8856637079383,709.3616333007812,27276608
2024-05-13,HDFCBANK.NS,706.4509373389452,720.1655815796556,705.6122976051453,717.9208984375,27047202
2024-05-14,HDFCBANK.NS,716.4408878596623,722.9775322143812,715.4789152317669,720.7328491210938,25665142
2024-05-15,HDFCBANK.NS,720.1161379403006,720.1161379403006,708.3255604595557,709.6575317382812,38931996
2024-05-16,HDFCBANK.NS,713.3822271543565,721.5221990437014,708.1775543730138,720.3875122070312,34945236
2024-05-17,HDFCBANK.NS,713.4562165510583,724.210870736283,713.4562165510583,722.286865234375,20920190
2024-05-21,HDFCBANK.NS,715.380219686854,725.0495080646152,715.380219686854,719.6722412109375,43769978
2024-05-22,HDFCBANK.NS,719.2035821431577,723.0269026870767,714.4182889056816,719.8695678710938,39996278
2024-05-23,HDFCBANK.NS,719.5982164877166,737.8514873644924,718.808897899437,736.3468017578125,40861920
2024-05-24,HDFCBANK.NS,733.8308016870678,749.814758588212,733.0908042399884,748.4827270507812,31060206
2024-05-27,HDFCBANK.NS,751.5168000055969,762.1974428837648,749.3955099218479,753.6627807617188,29385440
2024-05-28,HDFCBANK.NS,754.8467837037828,757.7821433020647,752.2321619595608,755.0441284179688,27908904
2024-05-29,HDFCBANK.NS,748.8774560751649,751.763434227272,740.6141508121484,744.0921630859375,35147706
2024-05-30,HDFCBANK.NS,739.6027730570852,751.6400771573121,738.8381451452329,747.3234252929688,33755350
2024-05-31,HDFCBANK.NS,749.370736784836,757.7573743920395,746.9040786650703,755.5620727539062,74079588
2024-06-03,HDFCBANK.NS,788.8373406823981,788.8373406823981,764.6640888415991,775.6160278320312,72637256
2024-06-04,HDFCBANK.NS,768.1173430540747,769.1040063078372,717.304185485308,731.684814453125,89531240
2024-06-05,HDFCBANK.NS,737.062160780223,769.4000136473305,731.2901444599279,765.5520629882812,81631650
2024-06-06,HDFCBANK.NS,772.0147015010076,772.2859977724349,762.9867083301413,769.4493408203125,46422870
2024-06-07,HDFCBANK.NS,770.1154063679018,781.6099978301712,765.6754214599775,776.183349609375,36712216
2024-06-10,HDFCBANK.NS,776.5039961939522,779.7846636223554,768.4133453075493,770.2387084960938,22454058
2024-06-11,HDFCBANK.NS,767.6240504407497,775.0240252200629,765.7493660748642,771.9653930664062,29545326
2024-06-12,HDFCBANK.NS,776.9973227739393,783.5586575880445,772.7546827700062,776.5780029296875,39280436
2024-06-13,HDFCBANK.NS,780.3273770852536,782.2760131134276,776.5040566032491,779.8340454101562,24120192
2024-06-14,HDFCBANK.NS,781.4372796414563,788.8372538804852,778.3292663726063,787.80126953125,25540554
2024-06-18,HDFCBANK.NS,787.8013228802739,794.5106212671108,784.1259659599784,793.1786499023438,32415714
2024-06-19,HDFCBANK.NS,795.941305047812,823.8145435842582,791.3039754417663,817.869873046875,90131196
2024-06-20,HDFCBANK.NS,823.7651872236406,829.5124525875813,814.983860042712,823.5431518554688,41408742
2024-06-21,HDFCBANK.NS,825.2697933574087,825.2697933574087,810.6178682451445,821.7671508789062,51630776
2024-06-24,HDFCBANK.NS,812.5172157896385,826.3798229097616,811.9005512360641,825.0478515625,28544994
2024-06-25,HDFCBANK.NS,824.4065232844747,847.025767804676,824.4065232844747,844.2631225585938,74521548
2024-06-26,HDFCBANK.NS,842.5857736709851,844.041138181783,834.2731473521208,839.40380859375,47596666
2024-06-27,HDFCBANK.NS,836.7397746618053,845.0770913433391,832.0531241260426,836.7644653320312,55074650
2024-06-28,HDFCBANK.NS,837.4797542547091,841.9197388781129,828.3037980772367,830.6718139648438,26476046
2024-07-01,HDFCBANK.NS,828.7971921822882,842.2651706437105,828.7971921822882,841.2291259765625,21187024
2024-07-02,HDFCBANK.NS,846.0637432263002,855.8810546817267,840.0204307746837,853.7597045898438,45921690
2024-07-03,HDFCBANK.NS,883.5570176331604,885.0370126375711,870.5577402219837,872.5310668945312,123217802
2024-07-04,HDFCBANK.NS,868.1404005851939,868.1404005851939,850.9231133709549,852.0578002929688,45848658
2024-07-05,HDFCBANK.NS,831.2638253093144,831.2638253093144,810.1492067263514,813.0598754882812,82242548
2024-07-08,HDFCBANK.NS,811.678583484828,816.4391857049037,802.7246020410699,806.7698974609375,39087800
2024-07-09,HDFCBANK.NS,801.6639054458949,812.3691778178521,799.369901303005,807.3372192382812,48550878
2024-07-10,HDFCBANK.NS,804.1059188594888,809.0639261539534,799.5672916548901,802.2066040039062,45507182
2024-07-11,HDFCBANK.NS,801.1458762280633,802.0832183690328,789.8239394111588,800.1345825195312,44177074
2024-07-12,HDFCBANK.NS,800.1839277769812,808.2745787950348,794.8312914757237,800.5292358398438,56049960
2024-07-15,HDFCBANK.NS,800.9239527377698,804.031966294815,796.8292758573642,800.2332763671875,33375694
2024-07-16,HDFCBANK.NS,799.5673062806881,802.6506292263948,797.6186702674619,799.073974609375,28950324
2024-07-18,HDFCBANK.NS,793.2772787604164,801.1458943462288,788.9113057816174,796.6319580078125,33717064
2024-07-19,HDFCBANK.NS,797.2239682199486,800.6772898644657,791.0573224261681,792.9320068359375,26002152
2024-07-22,HDFCBANK.NS,797.7172520784763,814.4905276323838,795.5712715150735,810.3218994140625,53744822
2024-07-23,HDFCBANK.NS,812.7885887086006,812.9119216218081,791.7973027922226,798.407958984375,52002152
2024-07-24,HDFCBANK.NS,793.3513220807449,799.6906218755655,783.4353677463822,791.3286743164062,61728206
2024-07-25,HDFCBANK.NS,785.8773432331659,801.6639565310072,785.8773432331659,797.5199584960938,25535732
2024-07-26,HDFCBANK.NS,791.7972838101718,800.0605887969758,787.5792741911353,798.2846069335938,43810540
2024-07-29,HDFCBANK.NS,796.7306475152811,805.0432741154053,788.4920327099303,791.822021484375,51001148
2024-07-30,HDFCBANK.NS,790.3172853310259,806.4738965011826,788.8372904146756,797.001953125,54595834
2024-07-31,HDFCBANK.NS,796.237255579839,803.0945773220608,793.8692396532248,797.1005859375,37820484
2024-08-01,HDFCBANK.NS,800.627938629233,814.0219048337823,798.1859108540549,808.471923828125,26215174
2024-08-02,HDFCBANK.NS,804.6238722852388,824.1104712768188,804.6238722852388,818.5111694335938,44119238
2024-08-05,HDFCBANK.NS,809.1131991555811,812.02386783421,789.8239443515008,797.1005859375,41333634
2024-08-06,HDFCBANK.NS,804.1305829139676,805.5858871810888,786.0253355957136,789.922607421875,45116050
2024-08-07,HDFCBANK.NS,797.7172336137804,804.130544706532,790.415901512036,800.9238891601562,42346264
2024-08-08,HDFCBANK.NS,801.1705962949537,815.6252376687839,798.8272709671206,810.3958740234375,33976950
2024-08-09,HDFCBANK.NS,814.9838462106346,820.1885189537674,811.9252142176729,814.0958251953125,26644618
2024-08-12,HDFCBANK.NS,814.9838840860709,826.7991529902637,812.6898798741655,818.9798583984375,39316196
2024-08-13,HDFCBANK.NS,803.1438891669751,805.314560371115,789.8979470194763,790.9092407226562,54055042
2024-08-14,HDFCBANK.NS,792.5372946697382,796.0892584565494,790.9092761384464,793.1786499023438,32334428
2024-08-16,HDFCBANK.NS,803.3906439659711,806.1779800129083,794.757339532809,805.1666259765625,27849246
2024-08-19,HDFCBANK.NS,807.9045746403995,807.9045746403995,801.0225621096914,804.895263671875,19502164
2024-08-20,HDFCBANK.NS,802.8726105839366,812.0239372458545,802.8726105839366,807.9292602539062,31134494
2024-08-21,HDFCBANK.NS,803.1932814957441,806.3753069063249,798.1120014172305,802.0586547851562,47630904
2024-08-22,HDFCBANK.NS,805.1172807347715,808.2252943260683,803.1439540663039,804.77197265625,21300638
2024-08-23,HDFCBANK.NS,806.1038926835937,806.1038926835937,800.6772446912317,801.6885986328125,20333422
2024-08-26,HDFCBANK.NS,805.2159251748899,812.9858989531632,805.2159251748899,809.0392456054688,22364266
2024-08-27,HDFCBANK.NS,810.7412543536698,812.714580974844,805.2159036816922,807.9539184570312,35773244
2024-08-28,HDFCBANK.NS,807.9539173658313,808.9405806750858,804.2292392849356,807.6332397460938,26921188
2024-08-29,HDFCBANK.NS,810.0505418236547,811.2345497877237,804.6979056469421,808.3485717773438,49052604
2024-08-30,HDFCBANK.NS,816.9572296027775,819.9172195651064,799.7646332824804,807.5346069335938,445342100
2024-09-02,HDFCBANK.NS,812.4185353190471,812.4185353190471,800.7758609185206,802.6258544921875,34049680
2024-09-03,HDFCBANK.NS,806.1039427589494,809.0392420850643,801.466613051357,807.756591796875,37282860
2024-09-04,HDFCBANK.NS,808.5705516272349,811.4318992052836,805.1172301742814,809.951904296875,24682744
2024-09-05,HDFCBANK.NS,812.0238589250097,813.947864316631,810.0505324148638,811.7525024414062,22876318
2024-09-06,HDFCBANK.NS,808.2252499925564,812.8872099026286,806.1532209716318,807.5592041015625,26029602
2024-09-09,HDFCBANK.NS,808.0772497858858,813.2572321563082,804.1799176724811,812.2705688476562,23792914
2024-09-10,HDFCBANK.NS,815.9705333718649,815.9705333718649,808.0772271240113,814.1698608398438,26606646
2024-09-11,HDFCBANK.NS,814.1945707781381,815.2305552034559,808.6692201411954,810.9879150390625,22226684
2024-09-12,HDFCBANK.NS,815.970556634334,823.8638631072175,812.541925723635,822.1865234375,32424046
2024-09-13,HDFCBANK.NS,825.8371886289187,825.8371886289187,817.4752411837702,821.8658447265625,23860532
2024-09-16,HDFCBANK.NS,822.383822656841,827.7118283198007,820.9285184448568,824.3324584960938,15172820
2024-09-17,HDFCBANK.NS,827.8104775064535,827.8104775064535,820.9778464556504,823.2718505859375,20127122
2024-09-18,HDFCBANK.NS,824.7764529489335,838.1210972952287,824.4064542356848,836.0984497070312,40917342
2024-09-19,HDFCBANK.NS,838.2691083056365,848.0370989791965,838.2444778560398,842.8571166992188,30651776
2024-09-20,HDFCBANK.NS,846.8037464482039,860.8390072921377,842.3884524296358,858.989013671875,60623386
2024-09-23,HDFCBANK.NS,862.8370939539058,871.3963864151646,858.5204418257773,868.1651000976562,26965350
2024-09-24,HDFCBANK.NS,870.7303607683197,878.9443447710721,865.4270455398441,872.2350463867188,33039036
2024-09-25,HDFCBANK.NS,868.3376691203036,882.0769427901153,868.3376691203036,877.686279296875,31965312
2024-09-26,HDFCBANK.NS,874.7017352717152,882.0770195965482,872.2350769395101,879.8323364257812,31899644
2024-09-27,HDFCBANK.NS,876.6503084858455,877.2422823547212,863.3303544458242,864.6376953125,35613502
2024-09-30,HDFCBANK.NS,862.738402689165,864.0456833682003,850.701098537286,854.47509765625,26383534
2024-10-01,HDFCBANK.NS,850.5037447767241,859.3837142697525,848.5797393423385,851.5890502929688,24572284
2024-10-03,HDFCBANK.NS,846.3844351066934,851.5644172954591,825.5164827720641,829.7838134765625,48473398
2024-10-04,HDFCBANK.NS,826.083866681385,834.0511850540141,815.4772359655595,817.771240234375,48683232
2024-10-07,HDFCBANK.NS,815.0824984433904,818.4371776300311,795.7439225540929,798.1119384765625,94458296
2024-10-08,HDFCBANK.NS,804.1306032900168,817.3519158252083,800.1839500223357,814.5152587890625,29734406
2024-10-09,HDFCBANK.NS,813.7505304861846,817.3271848335777,803.4892084079638,805.6845703125,41125642
2024-10-10,HDFCBANK.NS,808.5705299330368,821.6191272702827,805.363874384187,820.114501953125,21754766
2024-10-11,HDFCBANK.NS,821.1258260358886,821.1258260358886,810.6672193318118,814.4905395507812,23672594
2024-10-14,HDFCBANK.NS,816.9819085005773,834.741848018609,815.9705545228965,832.7931518554688,18527508
2024-10-15,HDFCBANK.NS,835.7038196244212,837.6771462351046,826.5771840500105,830.81982421875,19651130
2024-10-16,HDFCBANK.NS,828.8465156450762,842.585790426718,828.8465156450762,838.565185546875,20470682
2024-10-17,HDFCBANK.NS,836.1724403142362,837.5044718768119,821.4958240034423,825.4178466796875,14695732
2024-10-18,HDFCBANK.NS,820.4598702584595,834.2238355924767,816.0198853262701,829.7098388671875,24809724
2024-10-21,HDFCBANK.NS,846.063768270474,862.4177242903107,844.1151323678729,852.8223876953125,46548354
2024-10-22,HDFCBANK.NS,853.4884373802005,858.3970631644344,843.9424218629189,845.841796875,38875280
2024-10-23,HDFCBANK.NS,841.1551854708522,861.603759041874,841.1551854708522,856.3251342773438,38036090
2024-10-24,HDFCBANK.NS,857.4597103207274,872.5310159915173,857.4597103207274,863.15771484375,30832258
2024-10-25,HDFCBANK.NS,865.7970368926951,867.2030200365818,852.8223905419693,860.0744018554688,26130478
2024-10-28,HDFCBANK.NS,859.383716444917,863.8237012026692,852.9210840084185,855.5357055664062,22012142
2024-10-29,HDFCBANK.NS,851.5644426318723,870.2370336046123,851.0464203091243,864.2430419921875,35794926
2024-10-30,HDFCBANK.NS,859.3836983279829,865.6736766021975,850.6023712370916,855.7330322265625,32715724
2024-10-31,HDFCBANK.NS,852.4771270596069,857.8544543150349,848.2344867353692,856.2757568359375,22895912
2024-11-01,HDFCBANK.NS,854.9437133825962,860.4196824223525,851.5397130969706,857.0650634765625,1759692
2024-11-04,HDFCBANK.NS,860.8637106769045,860.8637106769045,844.0411138190809,845.6197509765625,28089248
2024-11-05,HDFCBANK.NS,840.1437747820238,869.5956493162819,837.6277954866241,867.2030029296875,44232406
2024-11-06,HDFCBANK.NS,873.9369881601011,873.9369881601011,861.0363539084846,865.9203491210938,27787910
2024-11-07,HDFCBANK.NS,860.5184217555121,868.7323455565536,857.4104082699865,861.62841796875,18895456
2024-11-08,HDFCBANK.NS,864.3169963876733,869.15167034177,861.2829948869464,865.525634765625,19902986
2024-11-11,HDFCBANK.NS,865.5750573030832,879.5116762015548,863.9223481240455,871.3717041015625,24565362
2024-11-12,HDFCBANK.NS,874.1837241378527,875.6637191561447,842.931174712482,847.6424560546875,31395406
2024-11-13,HDFCBANK.NS,846.9270867373347,853.1677439816382,825.3438276461692,829.463134765625,35728500
2024-11-14,HDFCBANK.NS,825.39317914741,841.05645917869,824.8998474928816,835.087158203125,27146470
2024-11-18,HDFCBANK.NS,838.6637692715708,847.987749103584,836.1971111266544,841.1797485351562,27081968
2024-11-19,HDFCBANK.NS,845.5704607570133,865.1803941380466,839.9957889401087,859.507080078125,50981272
2024-11-21,HDFCBANK.NS,863.0343691875372,867.7703408111802,855.5356922473849,858.989013671875,35716512
2024-11-22,HDFCBANK.NS,860.148374275574,865.4516892160756,853.2417315623627,861.15966796875,24773612
2024-11-25,HDFCBANK.NS,880.6216480727867,889.7482832055338,870.6810037082952,880.8929443359375,427737274
2024-11-26,HDFCBANK.NS,892.9302818593218,892.9302818593218,873.0983737208503,880.8683471679688,30935566
2024-11-27,HDFCBANK.NS,883.0143007972586,896.5562300169572,880.6709755435701,894.06494140625,32714976
2024-11-28,HDFCBANK.NS,897.3702251985009,905.8061839354122,882.07694483503,884.6176147460938,35722392
2024-11-29,HDFCBANK.NS,888.6383310231244,890.2662893460416,879.561016559754,886.04833984375,27669536
2024-12-02,HDFCBANK.NS,889.7236388960249,892.0176431336934,875.6636867426915,890.3156127929688,15110876
2024-12-03,HDFCBANK.NS,899.1955156163089,906.4475265301775,895.9395389832724,900.9715576171875,43410242
2024-12-04,HDFCBANK.NS,906.7435619082082,920.0635162996781,903.3642521901575,917.6461791992188,44669084
2024-12-05,HDFCBANK.NS,917.596875706611,927.4388181075851,905.3622266087298,920.4335327148438,39682714
2024-12-06,HDFCBANK.NS,916.1168429341786,919.6688066050771,909.7035317020062,915.5494995117188,17783156
2024-12-09,HDFCBANK.NS,914.4642517338581,927.4635290462065,912.1702474502318,922.5302124023438,26947912
2024-12-10,HDFCBANK.NS,926.3288062229569,926.3288062229569,916.881553393078,921.5928344726562,13325480
2024-12-11,HDFCBANK.NS,918.4354833328279,923.4675021564423,915.9935158212785,919.1261596679688,14045426
2024-12-12,HDFCBANK.NS,913.1568815747593,921.864197216933,912.0221946944998,917.2268676757812,17293790
2024-12-13,HDFCBANK.NS,918.8301759997277,924.9968214762359,902.4268990322158,923.3934936523438,19009002
2024-12-16,HDFCBANK.NS,920.1128492893367,922.5054957499956,915.2535445762154,920.1621704101562,13107082
2024-12-17,HDFCBANK.NS,915.7962178924912,918.7562078618506,901.0702798391582,904.4002685546875,21079532
2024-12-18,HDFCBANK.NS,902.7229483325016,905.7569501607671,891.5243434620028,893.275634765625,23422312
2024-12-19,HDFCBANK.NS,887.7995941182149,888.5395915672278,877.6369745293333,884.790283203125,25380770
2024-12-20,HDFCBANK.NS,879.2156362475025,886.7883251977108,871.7417099804251,873.93701171875,25692348
2024-12-23,HDFCBANK.NS,879.1169941259847,890.956953642833,878.7716860618692,888.4902954101562,11044592
2024-12-24,HDFCBANK.NS,889.0083275055933,892.2889348142179,882.8416818560752,887.0596313476562,14485834
2024-12-26,HDFCBANK.NS,887.2816657547127,893.916952377888,878.5003382709294,883.4336547851562,10481678
2024-12-27,HDFCBANK.NS,885.4316968356189,890.9322967259654,882.6196702111419,887.1336669921875,7259330
2024-12-30,HDFCBANK.NS,884.1489668763874,895.3969526845203,873.6903598921683,877.0943603515625,22222218
