Date,Ticker,Open,High,Low,Close,Volume
2022-01-03,RELIANCE.NS,1076.1034905748938,1095.6462506930534,1075.4437086416906,1093.7806396484375,5421611
2022-01-04,RELIANCE.NS,1099.2636517956478,1119.7846517979926,1093.848914455948,1118.465087890625,10847728
2022-01-05,RELIANCE.NS,1120.2396140596422,1127.0647821675334,1107.021469888781,1123.6976318359375,11643813
2022-01-06,RELIANCE.NS,1115.3255331004264,1116.5996031111947,1096.123976548564,1099.53662109375,14447422
2022-01-07,RELIANCE.NS,1106.1116205329258,1118.4423946166428,1097.2843585968753,1108.409423828125,13112115
2022-01-10,RELIANCE.NS,1115.6895654128748,1117.9646215781718,1099.3318598320666,1109.3193359375,9246731
2022-01-11,RELIANCE.NS,1108.4094288062329,1126.1320732620725,1107.9543693940097,1117.304931640625,16205164
2022-01-12,RELIANCE.NS,1124.4711644227355,1148.8826135216357,1121.6045672988503,1147.1307373046875,14800442
2022-01-13,RELIANCE.NS,1147.19918473575,1156.1856749337926,1141.3522552982324,1153.592041015625,11856712
2022-01-14,RELIANCE.NS,1153.4553940360954,1168.1522095010407,1149.2919803342058,1155.275390625,19930176
2022-01-17,RELIANCE.NS,1154.82047798332,1167.1057561240766,1154.3654186486065,1161.3043212890625,8036453
2022-01-18,RELIANCE.NS,1162.4418646639435,1165.8998821993202,1144.696356607209,1147.44921875,6215029
2022-01-19,RELIANCE.NS,1151.1804880553777,1156.6405988874542,1141.6252038335633,1147.3583984375,9755485
2022-01-20,RELIANCE.NS,1137.5529609143537,1142.0575796806486,1117.0545865844654,1127.2696533203125,16494486
2022-01-21,RELIANCE.NS,1115.6895591579548,1138.5538554378697,1115.6895591579548,1127.4515380859375,13338594
2022-01-24,RELIANCE.NS,1126.1545759538076,1139.6912967231897,1071.598729229798,1081.9730224609375,21868937
2022-01-25,RELIANCE.NS,1069.0734401117095,1086.8644436444313,1048.802657948011,1079.8572998046875,24510205
2022-01-27,RELIANCE.NS,1062.9080331478985,1072.0537511885557,1051.5554999211186,1063.863525390625,20020431
2022-01-28,RELIANCE.NS,1076.103482458547,1081.0630398643073,1059.4500666597933,1062.83984375,14667727
2022-01-31,RELIANCE.NS,1073.91944662709,1094.9409997464795,1072.0993294430996,1085.9317626953125,12143683
2022-02-01,RELIANCE.NS,1095.6690383601324,1101.402112704543,1067.9587979070466,1082.337158203125,13200509
2022-02-02,RELIANCE.NS,1095.2139504085303,1095.2139504085303,1080.6991087798986,1084.5439453125,10017691
2022-02-03,RELIANCE.NS,1088.3886622160464,1092.6885576552872,1068.0041465713055,1070.5294189453125,9572839
2022-02-04,RELIANCE.NS,1065.183161923649,1068.5730594354839,1056.1284310635565,1060.76953125,11061241
2022-02-07,RELIANCE.NS,1065.6382591326399,1072.372440138568,1048.802746440698,1054.3084716796875,10714467
2022-02-08,RELIANCE.NS,1060.4737500675897,1073.8283759531457,1051.0776952115107,1072.031005859375,12060849
2022-02-09,RELIANCE.NS,1078.901658786714,1086.204633140618,1072.918368570495,1084.5211181640625,11486225
2022-02-10,RELIANCE.NS,1090.0721909727154,1090.0721909727154,1076.1488917844267,1083.4063720703125,12464491
2022-02-11,RELIANCE.NS,1079.857350777376,1084.976257286365,1066.5937118273357,1081.2906494140625,15943370
2022-02-14,RELIANCE.NS,1064.8418760134352,1071.5305623649283,1052.4427424947037,1064.068359375,10719633
2022-02-15,RELIANCE.NS,1069.8240582965398,1102.903535095615,1062.7714215553635,1100.1961669921875,11212671
2022-02-16,RELIANCE.NS,1105.6791781831728,1107.0442358991004,1090.1860980638264,1097.9212646484375,10392840
2022-02-17,RELIANCE.NS,1101.174641012644,1117.0090469039765,1096.5790346237516,1111.8218994140625,12853252
2022-02-18,RELIANCE.NS,1112.2314504381943,1117.6915612787002,1101.1973736454247,1103.1312255859375,6775458
2022-02-21,RELIANCE.NS,1097.4890031023695,1109.091873871227,1085.021748188729,1091.9833984375,11107193
2022-02-22,RELIANCE.NS,1070.5977356852184,1090.1633625619224,1067.9814753307442,1087.023681640625,13494914
2022-02-23,RELIANCE.NS,1092.5294602510214,1095.0092390254035,1077.468571284383,1080.2213134765625,7310110
2022-02-24,RELIANCE.NS,1048.8027920240986,1064.6828130643278,1020.7740927277775,1026.3934326171875,24846650
2022-02-25,RELIANCE.NS,1037.4729771115954,1050.1450756675365,1035.7212210618118,1039.224853515625,14570089
2022-02-28,RELIANCE.NS,1020.5920864050885,1077.172783570844,1020.5920864050885,1073.6236572265625,21297446
2022-03-02,RELIANCE.NS,1062.2028545911362,1092.483981972098,1059.8140635885236,1091.369140625,21471786
2022-03-03,RELIANCE.NS,1092.0287696037128,1098.7856965324477,1078.4011810031334,1082.155029296875,10186748
2022-03-04,RELIANCE.NS,1070.643199306108,1075.7848524224223,1055.787154408625,1058.1531982421875,10805667
2022-03-07,RELIANCE.NS,1036.8358471079189,1052.0333374144284,1011.0367133096933,1019.022216796875,17983310
2022-03-08,RELIANCE.NS,1006.2591610579486,1021.9571458487228,991.9262942983967,1017.179443359375,21289374
2022-03-09,RELIANCE.NS,1017.406956117863,1077.01347494328,1016.565078233395,1071.143798828125,20414228
2022-03-10,RELIANCE.NS,1092.028820377732,1094.3038764083778,1073.8283721325647,1088.50244140625,17980493
2022-03-11,RELIANCE.NS,1081.1313132856126,1097.0340801861346,1081.1313132856126,1091.64208984375,12257423
2022-03-14,RELIANCE.NS,1086.06812572994,1103.1311056498985,1080.1984500463022,1100.605712890625,8340678
2022-03-15,RELIANCE.NS,1104.7463279779463,1104.7463279779463,1065.114765849993,1075.3980712890625,15925769
2022-03-16,RELIANCE.NS,1083.8385885222203,1095.6234340578644,1081.609026403429,1093.5531005859375,11149828
2022-03-17,RELIANCE.NS,1106.9304944761457,1136.3469946247096,1098.8994972340938,1129.203369140625,21422098
2022-03-21,RELIANCE.NS,1112.0493977484434,1130.249846191458,1109.7743416930666,1122.6966552734375,11999466
2022-03-22,RELIANCE.NS,1119.3751418583722,1153.4328665457272,1116.417676927256,1151.703857421875,22557065
2022-03-23,RELIANCE.NS,1147.9953600851836,1167.0375661035232,1147.9953600851836,1155.366455078125,15462187
2022-03-24,RELIANCE.NS,1142.08015447494,1175.8192962308133,1142.08015447494,1173.316650390625,13168266
2022-03-25,RELIANCE.NS,1175.0685459381182,1190.3114093068612,1172.5659000566366,1181.1429443359375,14222488
2022-03-28,RELIANCE.NS,1187.5813149251485,1196.5678044575318,1176.8885634283017,1193.018798828125,9891424
2022-03-29,RELIANCE.NS,1200.321638726132,1200.321638726132,1186.3983390664755,1193.291748046875,8684065
2022-03-30,RELIANCE.NS,1201.1863453712592,1223.0724028520565,1190.8120505919683,1216.2244873046875,15811550
2022-03-31,RELIANCE.NS,1212.584340487485,1214.7456618708436,1196.0446595036312,1198.8428955078125,13223718
2022-04-01,RELIANCE.NS,1199.4116203413212,1212.6752582349072,1193.0415116671982,1208.443603515625,7922880
2022-04-04,RELIANCE.NS,1208.2617761125623,1217.1572786813153,1201.9826544660282,1212.015625,7929162
2022-04-05,RELIANCE.NS,1206.2823045318924,1214.8366019261355,1192.4499926471442,1194.88427734375,13149870
2022-04-06,RELIANCE.NS,1177.1617516980632,1198.72923220727,1177.1617516980632,1191.6993408203125,12257215
2022-04-07,RELIANCE.NS,1180.8018153339476,1185.7614936648845,1168.015981475152,1170.6778564453125,15496499
2022-04-08,RELIANCE.NS,1164.830654298533,1194.4065010347827,1164.830654298533,1190.152099609375,15152495
2022-04-11,RELIANCE.NS,1183.0312648122701,1200.572052745213,1175.296097837182,1187.6724853515625,9254209
2022-04-12,RELIANCE.NS,1177.116066491659,1184.2143186613282,1162.737706900729,1165.30859375,13217742
2022-04-13,RELIANCE.NS,1171.4284128604863,1179.664132404293,1158.2330158892628,1161.0313720703125,10354235
2022-04-18,RELIANCE.NS,1152.545489452205,1164.7397805103374,1147.4493300930017,1157.4822998046875,9974224
2022-04-19,RELIANCE.NS,1163.920854944009,1213.9722131143637,1160.7585471967582,1201.5958251953125,26141820
2022-04-20,RELIANCE.NS,1209.012527185881,1244.0029958076177,1205.3724131158556,1236.927490234375,25072240
2022-04-21,RELIANCE.NS,1251.6926535659309,1269.0285988217172,1243.092861615674,1265.8890380859375,21708633
2022-04-22,RELIANCE.NS,1255.3327253469529,1274.9437261640837,1248.6440386176957,1255.2872314453125,15054154
2022-04-25,RELIANCE.NS,1247.825046254362,1255.1051538112451,1211.9928211860372,1226.2574462890625,17063215
2022-04-26,RELIANCE.NS,1233.0825422871724,1271.7586153913803,1232.0360622414871,1262.9541015625,12227666
2022-04-27,RELIANCE.NS,1253.9448053007873,1286.7739479010713,1253.580733766915,1264.1826171875,19338945
2022-04-28,RELIANCE.NS,1278.56117721433,1297.2394339221792,1267.7090756457555,1283.0657958984375,25614076
2022-04-29,RELIANCE.NS,1299.5828338743643,1299.5828338743643,1263.7051102296844,1269.5975341796875,18214862
2022-05-02,RELIANCE.NS,1256.7433563845793,1276.5363340584336,1254.9459860935513,1265.1383056640625,9467006
2022-05-04,RELIANCE.NS,1267.2086090941277,1269.4836653281736,1217.7487926896627,1225.6431884765625,19247660
2022-05-05,RELIANCE.NS,1239.225089287073,1242.182673959599,1197.5915547447282,1201.64111328125,17210669
2022-05-06,RELIANCE.NS,1188.582409796725,1209.8769247815503,1180.0963532492094,1192.42724609375,19649948
2022-05-09,RELIANCE.NS,1171.6330736984112,1181.7116566675552,1140.7150367020854,1145.856689453125,18083752
2022-05-10,RELIANCE.NS,1135.2549338699698,1149.6332918929572,1118.4194240193035,1125.995361328125,19511677
2022-05-11,RELIANCE.NS,1125.0855713281494,1130.6822844670523,1102.0164305530109,1114.4610595703125,16643899
2022-05-12,RELIANCE.NS,1104.5416911448524,1107.8859741719987,1078.378486557952,1091.755859375,20490321
2022-05-13,RELIANCE.NS,1103.8592387327842,1127.5197990708434,1099.0132956252583,1104.1322021484375,19308778
2022-05-16,RELIANCE.NS,1107.7040627563247,1128.8848441001169,1099.6048242868326,1104.4052734375,13437911
2022-05-17,RELIANCE.NS,1107.9995890295822,1155.6848931734114,1106.589037590526,1150.79345703125,16551828
2022-05-18,RELIANCE.NS,1155.5712773721964,1169.3808421611643,1141.2839062872033,1154.979736328125,17276788
2022-05-19,RELIANCE.NS,1130.2499303127915,1143.2177387581737,1122.0824507846328,1128.361572265625,14699118
2022-05-20,RELIANCE.NS,1143.2177622581032,1203.2338502041005,1138.440180194292,1194.1563720703125,21793091
2022-05-23,RELIANCE.NS,1197.363959753279,1207.3970487902327,1179.846041628983,1186.1707763671875,15252755
2022-05-24,RELIANCE.NS,1186.2165955278977,1200.3218735454507,1181.9849399100785,1190.243408203125,13527818
2022-05-25,RELIANCE.NS,1198.956737262974,1208.8304783808387,1183.713752995507,1188.491455078125,12714544
2022-05-26,RELIANCE.NS,1194.1334932703796,1198.9111951609145,1159.3706180239299,1177.16162109375,17882023
2022-05-27,RELIANCE.NS,1179.8688949887019,1185.3744993862058,1155.7760235250337,1171.701416015625,16521973
2022-05-30,RELIANCE.NS,1189.8562993151577,1216.7020315446362,1180.392124401247,1212.5159912109375,13853398
2022-05-31,RELIANCE.NS,1201.8687694825662,1218.8862574674567,1190.1750310186887,1197.887451171875,70620653
2022-06-01,RELIANCE.NS,1198.638243225424,1208.1480337988985,1190.402522676765,1198.2742919921875,9776989
2022-06-02,RELIANCE.NS,1198.501741229144,1243.2977103658052,1198.501741229144,1239.58935546875,22126569
2022-06-03,RELIANCE.NS,1248.552949338414,1281.9280190654463,1247.6428306711036,1264.705810546875,23939791
2022-06-06,RELIANCE.NS,1264.9336309179137,1280.403966122388,1252.1021829834976,1259.2686767578125,11093152
2022-06-07,RELIANCE.NS,1260.337704653236,1269.9839758549958,1252.215840132052,1261.634521484375,12358255
2022-06-08,RELIANCE.NS,1261.6346065371608,1265.3884552322884,1235.949206752914,1239.4755859375,12479250
2022-06-09,RELIANCE.NS,1233.082627965682,1275.3986973973456,1233.082627965682,1273.4649658203125,17278305
2022-06-10,RELIANCE.NS,1261.24792684013,1269.4381532361936,1229.215044054509,1235.0164794921875,18093057
2022-06-13,RELIANCE.NS,1205.7819334162448,1216.156107684235,1190.4479609930536,1211.6514892578125,17620803
2022-06-14,RELIANCE.NS,1205.8047355842045,1215.7239712861199,1189.151198531051,1195.817138671875,14714312
2022-06-15,RELIANCE.NS,1191.0167974504632,1200.0032876716657,1175.933161306616,1181.3477783203125,11195535
2022-06-16,RELIANCE.NS,1193.4965424947006,1209.8997420887063,1162.1006949883244,1164.830810546875,17111475
2022-06-17,RELIANCE.NS,1164.830742811065,1194.3382305909047,1163.0562400137392,1178.4810791015625,24457187
2022-06-20,RELIANCE.NS,1185.3063342518615,1190.8120593552974,1147.1308115234453,1157.118408203125,12066797
2022-06-21,RELIANCE.NS,1164.8309161531756,1180.028288003995,1150.4070610668425,1175.7967529296875,11720049
2022-06-22,RELIANCE.NS,1163.966274425617,1164.057262227865,1137.985044485591,1140.078125,10617206
2022-06-23,RELIANCE.NS,1144.3779613702993,1148.905326422505,1112.5043100555831,1121.581787109375,19446323
2022-06-24,RELIANCE.NS,1128.429884986889,1142.5351607614082,1122.9696539988313,1137.5528564453125,14240234
2022-06-27,RELIANCE.NS,1157.9829545073123,1157.9829545073123,1129.135125114688,1134.185791015625,15474529
2022-06-28,RELIANCE.NS,1129.3854414043199,1152.9777615415514,1129.3854414043199,1150.1339111328125,13572847
2022-06-29,RELIANCE.NS,1140.8061704616555,1181.6663139665932,1137.985067118919,1173.999267578125,19205146
2022-06-30,RELIANCE.NS,1173.9308815535303,1190.2658381550734,1167.560773223342,1181.0518798828125,23112959
2022-07-01,RELIANCE.NS,1171.610445710058,1179.3911062938287,1076.103462886294,1095.9874267578125,81997149
2022-07-04,RELIANCE.NS,1082.450913964659,1111.1393942579136,1076.6039843933402,1098.2625732421875,41857728
2022-07-05,RELIANCE.NS,1102.4941121326237,1121.5590649917854,1099.8094906293034,1107.157958984375,17647327
2022-07-06,RELIANCE.NS,1101.1745026432604,1111.11648393539,1086.568674692882,1097.420654296875,23943726
2022-07-07,RELIANCE.NS,1103.8135967687947,1107.1578795789183,1080.6534724660446,1086.6141357421875,23301033
2022-07-08,RELIANCE.NS,1100.2190253242575,1100.2190253242575,1084.0887905138445,1088.11572265625,19010108
2022-07-11,RELIANCE.NS,1081.3359679020425,1105.1330060215998,1078.378383303484,1102.903564453125,13847467
2022-07-12,RELIANCE.NS,1093.8487904297283,1110.0927598985188,1093.8487904297283,1101.333740234375,10778989
2022-07-13,RELIANCE.NS,1104.4507905221294,1107.4993634434227,1079.7436294761944,1081.8138427734375,14224132
2022-07-14,RELIANCE.NS,1086.5686402982146,1107.4764556314449,1081.5407222618398,1090.73193359375,16970315
2022-07-15,RELIANCE.NS,1098.8539355804724,1098.8539355804724,1084.3390956531612,1092.8477783203125,9603210
2022-07-18,RELIANCE.NS,1101.584037969047,1103.4040345430283,1088.525123257814,1102.15283203125,15160908
2022-07-19,RELIANCE.NS,1092.1652674583531,1113.4144080582162,1092.1652674583531,1108.9097900390625,16439888
2022-07-20,RELIANCE.NS,1155.730530749646,1156.8679986086788,1131.2735877067614,1138.89501953125,23924246
2022-07-21,RELIANCE.NS,1134.7998965175696,1137.5300117770723,1122.651100250388,1131.2962646484375,16523230
2022-07-22,RELIANCE.NS,1137.5302440832468,1144.9469544125395,1135.2551876871248,1138.9407958984375,10969995
2022-07-25,RELIANCE.NS,1122.7195298133436,1122.7195298133436,1093.3940142099802,1101.3111572265625,23110452
2022-07-26,RELIANCE.NS,1101.6295478483066,1112.003841391494,1097.1931707363617,1101.8115234375,11303288
2022-07-27,RELIANCE.NS,1101.1063409773997,1104.3141424256505,1092.938861823789,1100.76513671875,8655086
2022-07-28,RELIANCE.NS,1108.4093537574902,1122.9469424061926,1101.5841851617515,1118.0101318359375,12496073
2022-07-29,RELIANCE.NS,1126.018296934473,1145.3108414909532,1121.1497270683567,1141.8299560546875,15130683
2022-08-01,RELIANCE.NS,1146.2434528105707,1177.4573222630406,1140.9880650198957,1171.587646484375,15700044
2022-08-02,RELIANCE.NS,1170.5185233262116,1186.5803984650074,1165.5360984864087,1176.046875,13917913
2022-08-03,RELIANCE.NS,1183.0311881851292,1187.5813002703721,1168.220637135406,1185.9205322265625,14250977
2022-08-04,RELIANCE.NS,1187.5813052958538,1191.107684300821,1153.455464512121,1170.245361328125,14467127
2022-08-05,RELIANCE.NS,1172.1109326876474,1173.384882192994,1149.7925649671015,1153.0003662109375,13942438
2022-08-08,RELIANCE.NS,1151.6352925910844,1175.546187127536,1151.6352925910844,1168.083984375,10165178
2022-08-10,RELIANCE.NS,1172.5204636099309,1178.4356336498447,1163.4884798945134,1175.068603515625,10724688
2022-08-11,RELIANCE.NS,1184.4418001629217,1187.5358669102814,1174.0220116644236,1178.981689453125,8198226
2022-08-12,RELIANCE.NS,1178.6174856399732,1201.8458509440902,1174.9319985812028,1198.0465087890625,12650587
2022-08-16,RELIANCE.NS,1204.052619235297,1209.1032840649636,1195.4529491751475,1206.3731689453125,6607378
2022-08-17,RELIANCE.NS,1212.6070521185068,1218.0216687174445,1208.3071564277768,1212.67529296875,6595965
2022-08-18,RELIANCE.NS,1214.281162605974,1218.3895770524823,1205.242530076721,1214.8746337890625,7410035
2022-08-19,RELIANCE.NS,1209.7159828214287,1215.0569809988342,1189.1507309375147,1193.213623046875,9460724
2022-08-22,RELIANCE.NS,1194.6517009933089,1201.1795211355932,1180.500282384016,1189.904052734375,9471680
2022-08-23,RELIANCE.NS,1184.1522321085429,1211.1768414672938,1182.9424687305054,1208.2552490234375,9678484
2022-08-24,RELIANCE.NS,1205.1968562417935,1218.846089361482,1203.0284828486285,1205.0369873046875,10369622
2022-08-25,RELIANCE.NS,1209.2368579891631,1215.6049306697223,1197.2081689286076,1201.5220947265625,7871946
2022-08-26,RELIANCE.NS,1201.9554689456972,1209.715993824914,1190.0866510806784,1195.1080322265625,10742038
2022-08-29,RELIANCE.NS,1180.0436382797463,1211.9984634718257,1176.8710131510943,1185.818359375,19838975
2022-08-30,RELIANCE.NS,1193.282058957648,1207.5475818496645,1176.2090496696883,1204.215087890625,23139054
2022-09-01,RELIANCE.NS,1178.9710757031155,1189.150886984996,1164.385933490136,1168.81396484375,19909939
2022-09-02,RELIANCE.NS,1168.8139049237643,1175.638520959865,1152.9734784565321,1155.1646728515625,12999345
2022-09-05,RELIANCE.NS,1155.3928563937116,1178.445978943139,1155.3928563937116,1173.10498046875,11327815
2022-09-06,RELIANCE.NS,1174.5658588505653,1189.6302455363334,1174.1093147173583,1185.4532470703125,10899618
2022-09-07,RELIANCE.NS,1175.478839783805,1184.563114237557,1173.1963605855797,1178.5601806640625,7488501
2022-09-08,RELIANCE.NS,1181.5272442598816,1185.978096162653,1173.6527344300007,1180.2261962890625,7057077
2022-09-09,RELIANCE.NS,1191.4561604892992,1191.4561604892992,1170.4573041604863,1172.8768310546875,8314850
2022-09-12,RELIANCE.NS,1173.447281793324,1192.3691689901582,1173.447281793324,1186.0009765625,7435419
2022-09-13,RELIANCE.NS,1195.1081207827935,1200.4491194045427,1187.3477160754526,1195.906982421875,8888657
2022-09-14,RELIANCE.NS,1175.478658663779,1191.4560105895346,1174.4515854442564,1181.5728759765625,8678219
2022-09-15,RELIANCE.NS,1179.1307346574977,1188.5116835520153,1167.1476896556205,1169.8638916015625,10365600
2022-09-16,RELIANCE.NS,1161.213264147553,1165.4359048168926,1137.133067391258,1140.8763427734375,20217708
2022-09-19,RELIANCE.NS,1140.876367867208,1151.6040077939597,1132.7278822878002,1142.3599853515625,7580254
2022-09-20,RELIANCE.NS,1151.4898271317024,1158.4514907194557,1138.8220264150539,1142.54248046875,8411448
2022-09-21,RELIANCE.NS,1139.7580348153278,1156.3060391967588,1138.9591731329301,1145.6925048828125,9207309
2022-09-22,RELIANCE.NS,1134.8504758314202,1142.6108798497348,1128.5052256188412,1134.8961181640625,10308170
2022-09-23,RELIANCE.NS,1134.3940554048254,1139.3926153234095,1112.071332278307,1113.6234130859375,9528051
2022-09-26,RELIANCE.NS,1092.8757978119418,1103.7176650883043,1084.2480670791438,1085.2523193359375,12479523
2022-09-27,RELIANCE.NS,1092.8528108642224,1107.4607728213189,1077.3776445528867,1093.8800048828125,16154822
2022-09-28,RELIANCE.NS,1077.491757249726,1085.5489575446488,1062.3132660155625,1064.7554931640625,16997059
2022-09-29,RELIANCE.NS,1077.3320028920632,1080.7556609643932,1055.8766040342564,1061.4915771484375,14671827
2022-09-30,RELIANCE.NS,1054.96372509037,1096.5048940159172,1054.96372509037,1085.4349365234375,18613024
2022-10-03,RELIANCE.NS,1091.7117072217247,1103.3294933419215,1078.7015883112226,1081.6688232421875,11852723
2022-10-04,RELIANCE.NS,1094.58754770497,1103.808747936222,1091.0953054950355,1101.6175537109375,8948850
2022-10-06,RELIANCE.NS,1108.8302224863316,1118.4165611455717,1103.8771842481965,1105.6802978515625,13352162
2022-10-07,RELIANCE.NS,1102.2794760013117,1115.6320317027526,1102.2794760013117,1110.3594970703125,7714340
2022-10-10,RELIANCE.NS,1097.8743645838504,1103.6262649687026,1090.1139598954956,1098.2396240234375,6329527
2022-10-11,RELIANCE.NS,1101.982746487589,1101.982746487589,1073.2691292307711,1076.373291015625,9215177
2022-10-12,RELIANCE.NS,1073.6800455545388,1087.2379927529598,1069.6171531804475,1084.2935791015625,7417103
2022-10-13,RELIANCE.NS,1082.5360411069073,1092.8527780894253,1077.3776122421918,1087.7401123046875,7328492
2022-10-14,RELIANCE.NS,1102.4393688537991,1103.0556611703817,1081.48615457156,1082.216552734375,9106089
2022-10-17,RELIANCE.NS,1075.0495620947684,1101.9827665257233,1069.845490552908,1099.586181640625,16729355
2022-10-18,RELIANCE.NS,1105.6348686623294,1124.3512470169624,1104.7903646127031,1118.9874267578125,12415820
2022-10-19,RELIANCE.NS,1120.4709308445554,1153.9550179585947,1114.6277458530562,1138.4569091796875,19247142
2022-10-20,RELIANCE.NS,1134.3942113183082,1149.9150215278255,1134.3942113183082,1141.5155029296875,8717053
2022-10-21,RELIANCE.NS,1144.7565172867282,1148.9106943491454,1126.177188586748,1128.2769775390625,8243452
2022-10-24,RELIANCE.NS,1122.9816380159375,1142.382770547029,1120.836206695688,1132.0430908203125,3370033
2022-10-25,RELIANCE.NS,1140.785075413764,1140.785075413764,1112.9387816840604,1114.559326171875,12233241
2022-10-27,RELIANCE.NS,1122.0686333408069,1126.8391025996318,1110.5649536618178,1118.941650390625,12513059
2022-10-28,RELIANCE.NS,1125.2640787350124,1157.218905475806,1122.730566891981,1153.178955078125,17609592
2022-10-31,RELIANCE.NS,1159.957944449031,1169.065039404331,1155.9406944170403,1163.8837890625,12419943
2022-11-01,RELIANCE.NS,1186.8910882247426,1186.8910882247426,1144.8935003477782,1154.867919921875,13963166
2022-11-02,RELIANCE.NS,1155.986348539346,1164.1576549471247,1148.0890168960855,1162.08056640625,8981896
2022-11-03,RELIANCE.NS,1154.8680356681098,1168.4259835133787,1152.676841200972,1166.4173583984375,6693449
2022-11-04,RELIANCE.NS,1165.8467186255812,1186.8912175642852,1164.568612402097,1183.5816650390625,12575815
2022-11-07,RELIANCE.NS,1182.7827614663586,1191.5931814379082,1175.0223567357784,1189.904052734375,11789748
2022-11-09,RELIANCE.NS,1191.5931131291466,1196.9112902936065,1182.3489707407007,1188.7171630859375,11254205
2022-11-10,RELIANCE.NS,1182.3262632089597,1185.3163193750859,1170.0008998356418,1174.337646484375,5966242
2022-11-11,RELIANCE.NS,1186.8911590644095,1203.325056528256,1181.413233492101,1201.4078369140625,12310132
2022-11-14,RELIANCE.NS,1200.9285232071268,1206.0641314784764,1189.242152687652,1195.5875244140625,9043112
2022-11-15,RELIANCE.NS,1197.0710698465111,1198.9426470922247,1182.3261805701843,1190.2236328125,7086433
2022-11-16,RELIANCE.NS,1191.4561277313167,1194.1723297469184,1178.3775455967132,1183.3990478515625,9716161
2022-11-17,RELIANCE.NS,1180.020863607493,1192.825591205946,1177.7612057960014,1186.45751953125,6661451
2022-11-18,RELIANCE.NS,1189.972415409292,1190.9996093948082,1173.698388022442,1185.818359375,5303197
2022-11-21,RELIANCE.NS,1181.413258441568,1181.413258441568,1160.9165888885639,1164.477294921875,6390268
2022-11-22,RELIANCE.NS,1161.7837868751285,1172.511425391076,1157.903584906397,1170.9365234375,6611488
2022-11-23,RELIANCE.NS,1175.4787957552544,1176.80266503484,1165.0934735308952,1167.28466796875,6413408
2022-11-24,RELIANCE.NS,1171.3703518394527,1184.1522586948402,1163.2446877659072,1177.3504638671875,9389439
2022-11-25,RELIANCE.NS,1181.8696555369409,1198.257788225093,1178.719730929941,1194.9254150390625,7349922
2022-11-28,RELIANCE.NS,1190.9540185279361,1242.1501079495758,1142.1545139312134,1235.9874267578125,31527484
2022-11-29,RELIANCE.NS,1234.3440108402901,1246.9889910362924,1229.8018737736188,1238.110107421875,11058913
2022-11-30,RELIANCE.NS,1238.247142030381,1253.288707028199,1231.7192011093234,1246.85205078125,26164986
2022-12-01,RELIANCE.NS,1251.622529613266,1257.648284706288,1239.844994224955,1243.1773681640625,9485801
2022-12-02,RELIANCE.NS,1246.235748845341,1254.4526976676975,1232.8147284105949,1242.6522216796875,11589592
2022-12-05,RELIANCE.NS,1238.0187806031995,1240.1871538032585,1222.4979714298172,1224.529296875,14828536
2022-12-06,RELIANCE.NS,1216.609222468136,1231.1714227767877,1214.7375243314339,1228.0672607421875,8594245
2022-12-07,RELIANCE.NS,1225.693478313524,1230.258436618436,1206.132596960368,1209.9443359375,8462111
2022-12-08,RELIANCE.NS,1214.2811762641966,1216.5636555928043,1205.1969012915213,1209.373779296875,7757008
2022-12-09,RELIANCE.NS,1207.8899658959556,1214.2809794282305,1187.7356151104486,1191.0452880859375,12655763
2022-12-12,RELIANCE.NS,1180.272120443367,1197.3906539089487,1180.0437880026634,1192.871337890625,9479842
2022-12-13,RELIANCE.NS,1192.8713067918438,1201.9555809304147,1189.9497141999723,1198.3037109375,8333348
2022-12-14,RELIANCE.NS,1204.0782660411908,1204.6717371538757,1191.9126515922892,1193.9669189453125,7268947
2022-12-15,RELIANCE.NS,1188.0324923462415,1193.7386297598832,1173.6528618480468,1177.008056640625,8688551
2022-12-16,RELIANCE.NS,1173.6527911334736,1195.4733287956508,1167.7867851451592,1171.1876220703125,15837349
2022-12-19,RELIANCE.NS,1178.2177795852808,1188.7172073020977,1171.6898388274747,1186.5716552734375,7729933
2022-12-20,RELIANCE.NS,1179.541792973625,1198.7602374146065,1171.3704856304953,1196.843017578125,7467588
2022-12-21,RELIANCE.NS,1196.477661489117,1201.9555872542346,1175.9809916475376,1179.8155517578125,8527550
2022-12-22,RELIANCE.NS,1185.9781586267084,1189.013856887232,1171.7126347696108,1176.7569580078125,7451122
2022-12-23,RELIANCE.NS,1170.137785137051,1182.554553491853,1137.703712598857,1142.245849609375,10257115
2022-12-26,RELIANCE.NS,1147.9749955940688,1160.4144650934027,1137.772242230335,1152.2203369140625,5990242
2022-12-27,RELIANCE.NS,1154.9364624540497,1163.518549950611,1148.2031310835503,1161.64697265625,5763271
2022-12-28,RELIANCE.NS,1158.5885450524734,1163.9751864269276,1151.056351446895,1161.532958984375,7459393
2022-12-29,RELIANCE.NS,1153.566904464591,1163.5641454874342,1152.882148696241,1161.0078125,6930648
2022-12-30,RELIANCE.NS,1161.82959814601,1176.3917984159748,1160.0036631000119,1162.7882080078125,7289476
2023-01-02,RELIANCE.NS,1164.066351583663,1177.3048023328713,1163.244668797144,1175.8896484375,5316175
2023-01-03,RELIANCE.NS,1170.9366586985077,1174.565828259546,1163.0621480210023,1167.28466796875,7658932
2023-01-04,RELIANCE.NS,1167.2618507099899,1169.1107276232437,1147.6325061253483,1149.7095947265625,9264891
2023-01-05,RELIANCE.NS,1151.969321148222,1157.858149023016,1143.0676158255733,1147.6553955078125,13637099
2023-01-06,RELIANCE.NS,1153.4072395784428,1163.1306272948216,1149.5955006159752,1158.0863037109375,6349597
2023-01-09,RELIANCE.NS,1161.9207528429104,1187.8041821914996,1161.0306065888913,1185.4302978515625,10722753
2023-01-10,RELIANCE.NS,1189.6302560157692,1189.6302560157692,1162.240505708343,1167.9010009765625,8047142
2023-01-11,RELIANCE.NS,1165.207642347734,1167.7183330231771,1150.873534164056,1153.178955078125,11509553
2023-01-12,RELIANCE.NS,1152.5855061360771,1156.077627831873,1125.2641003718309,1128.2769775390625,17688773
2023-01-13,RELIANCE.NS,1122.2513519945564,1128.8705782042637,1111.3867843100481,1126.451171875,20618583
2023-01-16,RELIANCE.NS,1128.7791493112115,1131.951774613395,1107.917221092014,1115.723388671875,13623855
2023-01-17,RELIANCE.NS,1122.0685460066525,1133.4809401269406,1118.6905304756872,1131.563720703125,10751000
2023-01-18,RELIANCE.NS,1129.144552646858,1137.1788121810373,1123.1416187933949,1129.6922607421875,13448286
2023-01-19,RELIANCE.NS,1128.8705038207283,1132.6366004638107,1121.4524163802744,1128.4825439453125,11940054
2023-01-20,RELIANCE.NS,1129.8291140692525,1129.8291140692525,1112.596474928504,1115.0615234375,14930286
2023-01-23,RELIANCE.NS,1117.960272105855,1125.811961602633,1107.004299933337,1109.4237060546875,10954118
2023-01-24,RELIANCE.NS,1113.851719292168,1115.51790607312,1089.8171651533376,1102.873046875,16488755
2023-01-25,RELIANCE.NS,1101.2753294802073,1102.302402806859,1086.461976225218,1087.6259765625,12385018
2023-01-27,RELIANCE.NS,1088.470529311336,1089.817098907081,1055.260297818003,1066.9923095703125,25830975
2023-01-30,RELIANCE.NS,1064.4132886312711,1082.764407064242,1050.3987961919847,1077.218017578125,21772103
2023-01-31,RELIANCE.NS,1087.3749062182637,1089.9541811505658,1068.6585300710096,1074.5245361328125,22691594
2023-02-01,RELIANCE.NS,1086.43914786492,1086.43914786492,1052.2246622437708,1068.156494140625,19347800
2023-02-02,RELIANCE.NS,1058.1590377354637,1071.85391093282,1054.9635914721293,1062.2447509765625,13662663
2023-02-03,RELIANCE.NS,1072.3105805967245,1072.3105805967245,1046.7467660021255,1063.1806640625,24699575
2023-02-06,RELIANCE.NS,1056.7896118119152,1059.528634971871,1052.5899131464937,1055.1690673828125,14837879
2023-02-07,RELIANCE.NS,1055.4201633910932,1062.4501695052957,1046.7466710224398,1052.635498046875,15135435
2023-02-08,RELIANCE.NS,1055.8766387784026,1077.2863960062462,1053.137736379797,1073.6572265625,21160332
2023-02-09,RELIANCE.NS,1074.341987106508,1082.284961068636,1065.463103759131,1075.52880859375,13172763
2023-02-10,RELIANCE.NS,1075.00402903085,1075.00402903085,1059.6656668626474,1066.6729736328125,10790445
2023-02-13,RELIANCE.NS,1068.293381324993,1072.7670546240697,1056.127767130611,1060.6014404296875,10352493
2023-02-14,RELIANCE.NS,1063.6143185684562,1087.329254712915,1060.738368480938,1085.5946044921875,14321920
2023-02-15,RELIANCE.NS,1084.6358877756606,1112.5735854842064,1083.2664969637603,1110.1768798828125,33503591
2023-02-16,RELIANCE.NS,1118.165755531408,1124.716518210531,1107.027213083921,1109.3096923828125,17264487
2023-02-17,RELIANCE.NS,1104.7217922905263,1117.2754874405753,1100.4306882070916,1113.9429931640625,11809520
2023-02-20,RELIANCE.NS,1116.1341329085612,1118.3025060122345,1100.202422672568,1102.1654052734375,8836937
2023-02-21,RELIANCE.NS,1106.547846833629,1116.9558691842672,1101.22954869757,1111.158447265625,13311592
2023-02-22,RELIANCE.NS,1107.4380609994967,1109.2868172204335,1084.2023673241313,1085.9598388671875,11024335
2023-02-23,RELIANCE.NS,1085.5490279902117,1093.1953270218976,1077.9483712962124,1080.7557373046875,9851910
2023-02-24,RELIANCE.NS,1082.8100022510873,1093.8344379808216,1080.9840672539892,1088.1510009765625,9434053
2023-02-27,RELIANCE.NS,1087.3750050988056,1090.8672478016565,1073.543202799622,1080.91552734375,11199715
2023-02-28,RELIANCE.NS,1075.5516247048565,1080.5274845520237,1056.1734344203933,1060.2362060546875,21994038
2023-03-01,RELIANCE.NS,1070.0279421357468,1070.712697848546,1060.5555887311154,1069.9822998046875,11551145
2023-03-02,RELIANCE.NS,1066.8326656493814,1073.5203549354069,1059.802538079039,1061.833984375,9333535
2023-03-03,RELIANCE.NS,1072.3789987479975,1092.6018137297042,1068.909698230002,1088.927001953125,14643807
2023-03-06,RELIANCE.NS,1095.5918675399987,1106.8216933590497,1095.5918675399987,1099.5633544921875,10171916
2023-03-08,RELIANCE.NS,1099.5632986303585,1104.265304210858,1088.7443751303776,1103.5120849609375,15782657
2023-03-09,RELIANCE.NS,1102.8958764013148,1103.3066574341256,1075.095225544964,1076.9896240234375,16235128
2023-03-10,RELIANCE.NS,1068.887018825526,1070.0281981219273,1056.8125666742676,1060.3048095703125,13334091
2023-03-13,RELIANCE.NS,1063.1805534779228,1070.027990166369,1038.5297089513685,1042.866455078125,12771592
2023-03-14,RELIANCE.NS,1040.812257084253,1052.2018311560978,1035.8136967949142,1038.9635009765625,16027522
2023-03-15,RELIANCE.NS,1042.6840329673732,1049.1662111592916,1016.800600298463,1021.205810546875,21728555
2023-03-16,RELIANCE.NS,1023.921951504309,1028.9433330363881,1005.2968594074098,1016.1157836914062,18363159
2023-03-17,RELIANCE.NS,1024.720781814394,1028.0075129528561,1010.0900587449327,1014.837646484375,34014213
2023-03-20,RELIANCE.NS,1011.1400680229121,1013.4225471579439,995.1626537042278,1004.8632202148438,19524589
2023-03-21,RELIANCE.NS,1012.9430039303461,1038.0732119172073,1012.0528577510236,1036.1102294921875,21400360
2023-03-22,RELIANCE.NS,1043.0946916431246,1046.0391051865406,1036.247254791225,1039.2601318359375,10920094
2023-03-23,RELIANCE.NS,1035.3343603002547,1036.2016854580306,1023.9447859117854,1026.1131591796875,16249370
2023-03-24,RELIANCE.NS,1024.9489888672188,1027.117362031003,1003.3795441878093,1005.7989501953125,12375945
2023-03-27,RELIANCE.NS,1012.2812223607901,1028.9432703448797,1004.3838307288752,1021.4338989257812,14054323
2023-03-28,RELIANCE.NS,1024.8349561252708,1030.0846702786253,1021.1829653124684,1026.2044677734375,12576424
2023-03-29,RELIANCE.NS,1022.0959186617868,1024.7436572444662,1009.3597140789179,1020.133056640625,18804065
2023-03-31,RELIANCE.NS,1029.3999027039445,1069.7770709600845,1029.2629756900762,1064.116455078125,28171201
2023-04-03,RELIANCE.NS,1070.4846960590223,1072.3106311531849,1056.7896998650788,1064.299072265625,10293043
2023-04-05,RELIANCE.NS,1071.8540232011114,1071.8540232011114,1053.8453439607506,1061.74267578125,16262928
2023-04-06,RELIANCE.NS,1058.2276581630158,1074.5930932267388,1058.2276581630158,1068.864013671875,18435046
2023-04-10,RELIANCE.NS,1072.7671126043012,1072.9496819536614,1059.779694186431,1061.2861328125,12961408
2023-04-11,RELIANCE.NS,1065.4631729553812,1068.6586196822263,1060.9210357303307,1066.535888671875,10542367
2023-04-12,RELIANCE.NS,1066.5357872569193,1080.8925957399235,1063.6599579243734,1071.23779296875,18179087
2023-04-13,RELIANCE.NS,1074.1365320735108,1079.9797173840186,1069.1151503508545,1075.27783203125,12378208
2023-04-17,RELIANCE.NS,1106.9814803229494,1106.9814803229494,1072.333391852291,1080.73291015625,17929479
2023-04-18,RELIANCE.NS,1085.0923881243807,1085.0923881243807,1061.8110548039576,1068.36181640625,10405576
2023-04-19,RELIANCE.NS,1067.768405195298,1076.3733137885806,1064.64142217666,1073.6800537109375,12273475
2023-04-20,RELIANCE.NS,1074.638679040759,1076.8755157885284,1064.595795217696,1070.9638671875,7007330
2023-04-21,RELIANCE.NS,1073.0637661728558,1077.7884724738815,1066.5586465106753,1072.310546875,7647317
2023-04-24,RELIANCE.NS,1084.1794719407253,1086.8727319946267,1071.8539885727766,1076.4190673828125,12936186
2023-04-25,RELIANCE.NS,1080.0709122812248,1086.7357798786459,1072.9952636709509,1084.65869140625,9236126
2023-04-26,RELIANCE.NS,1086.0054116702795,1089.2466212621475,1074.6158376300252,1078.2906494140625,8617834
2023-04-27,RELIANCE.NS,1084.1794457664448,1088.2878596252956,1079.1579437194785,1085.115234375,9167125
2023-04-28,RELIANCE.NS,1087.3748753991613,1106.5021527689444,1087.2607695641375,1104.949951171875,15565210
2023-05-02,RELIANCE.NS,1112.1170391794083,1116.4994278601828,1108.4194062766874,1114.3310546875,12981805
2023-05-03,RELIANCE.NS,1116.1342091904096,1116.1342091904096,1101.549188303151,1104.7674560546875,7061872
2023-05-04,RELIANCE.NS,1105.2467632974385,1119.717677582049,1102.2567073883076,1117.503662109375,8635233
2023-05-05,RELIANCE.NS,1114.3083172243437,1123.5979821409157,1112.0258380416835,1114.650634765625,8746585
2023-05-08,RELIANCE.NS,1118.4167001177036,1133.7778823916174,1115.746261129747,1128.4140625,9153782
2023-05-09,RELIANCE.NS,1129.8290394334551,1135.2158009724574,1124.4652198090143,1131.9061279296875,6464721
2023-05-10,RELIANCE.NS,1136.6766978121202,1141.173192717246,1132.659447469911,1139.6895751953125,10872255
2023-05-11,RELIANCE.NS,1140.762158669685,1145.5781493917782,1130.5365853892238,1132.24853515625,10557860
2023-05-12,RELIANCE.NS,1127.4553650769165,1135.4897449397138,1121.3839680276494,1134.097412109375,6955341
2023-05-15,RELIANCE.NS,1136.6310244600713,1143.318592964205,1128.9846046154787,1136.334228515625,6833343
2023-05-16,RELIANCE.NS,1138.5026071786638,1141.0589403639667,1118.485181669263,1120.1514892578125,8717229
2023-05-17,RELIANCE.NS,1124.3510275803587,1125.2639949628326,1108.8302198375738,1113.5321044921875,8798967
2023-05-18,RELIANCE.NS,1118.21139175125,1121.6123498838558,1107.9858169299096,1111.1357421875,10525531
2023-05-19,RELIANCE.NS,1111.1357155261294,1116.5679991928369,1104.1968724046772,1114.741943359375,8050447
2023-05-22,RELIANCE.NS,1111.5693019532657,1125.7207212869755,1110.3596592183865,1120.69921875,7434906
2023-05-23,RELIANCE.NS,1123.2784399572938,1126.6336347127256,1119.0786204739588,1120.4937744140625,6092034
2023-05-24,RELIANCE.NS,1116.545095308795,1124.8076864197674,1110.861658447196,1113.9658203125,8112254
2023-05-25,RELIANCE.NS,1111.0672556833676,1117.9603357408223,1102.9187697829475,1113.8289794921875,11487863
2023-05-26,RELIANCE.NS,1122.0687058844728,1145.3500415058625,1118.7591533794464,1144.2088623046875,12626260
2023-05-29,RELIANCE.NS,1150.8279550929283,1154.9364899661489,1144.5283465169668,1150.6453857421875,10010304
2023-05-30,RELIANCE.NS,1150.645307987406,1158.451475420254,1147.7921790871794,1150.3486328125,11342504
2023-05-31,RELIANCE.NS,1141.2414908293927,1145.7379850828543,1123.438083146388,1127.5008544921875,27107927
2023-06-01,RELIANCE.NS,1132.1800927726736,1134.3484659204855,1122.068625138698,1124.4652099609375,14592692
2023-06-02,RELIANCE.NS,1128.003101699598,1133.412563645759,1118.8731857024297,1120.7904052734375,15800644
2023-06-05,RELIANCE.NS,1126.268543700321,1133.8235582589482,1122.274114564264,1130.8563232421875,10908682
2023-06-06,RELIANCE.NS,1133.6865172838243,1135.6265579862757,1123.8946668621782,1131.8148193359375,7493309
2023-06-07,RELIANCE.NS,1135.3071289198083,1141.241598708449,1128.7335456658939,1140.3970947265625,10312545
2023-06-08,RELIANCE.NS,1143.9805586437908,1148.9335976883083,1137.133121023714,1141.081787109375,12071109
2023-06-09,RELIANCE.NS,1144.4369244051343,1145.144501301207,1131.1984746215855,1133.001708984375,5877018
2023-06-12,RELIANCE.NS,1130.0574375493186,1136.311403822295,1125.2641468372988,1134.006103515625,6391969
2023-06-13,RELIANCE.NS,1138.9591656822827,1151.946463788879,1134.9647365494955,1150.759521484375,11248016
2023-06-14,RELIANCE.NS,1150.8278129732469,1166.3487415549168,1149.0018781974788,1164.9107666015625,13277380
2023-06-15,RELIANCE.NS,1164.888030487722,1169.7954267696327,1157.4471223513988,1165.23046875,11813494
2023-06-16,RELIANCE.NS,1168.72265257123,1178.856942021871,1168.72265257123,1176.574462890625,24171579
2023-06-19,RELIANCE.NS,1179.5873088461865,1179.5873088461865,1160.7111839901809,1164.8880615234375,6798554
2023-06-20,RELIANCE.NS,1162.9480481347903,1170.457299404325,1157.2189687814275,1167.3074951171875,6921096
2023-06-21,RELIANCE.NS,1167.2617442064677,1173.127750027222,1163.1533304634168,1170.59423828125,6961603
2023-06-22,RELIANCE.NS,1166.8053921892115,1174.702723824018,1155.8494202932393,1157.4471435546875,7619166
2023-06-23,RELIANCE.NS,1154.4343325060674,1156.4885999942844,1146.7195697742059,1147.9749755859375,6628570
2023-06-26,RELIANCE.NS,1144.436975506937,1148.2715353178476,1136.0831001245695,1139.2100830078125,12641159
2023-06-27,RELIANCE.NS,1139.666736088607,1145.578264166708,1135.1474200849475,1139.62109375,9689466
2023-06-28,RELIANCE.NS,1147.1760589375283,1158.519990797568,1140.2600374666351,1154.708251953125,11354006
2023-06-30,RELIANCE.NS,1162.423070452648,1167.1021346662303,1156.511421596289,1164.1805419921875,11151555
2023-07-03,RELIANCE.NS,1167.7413136446191,1196.934300105854,1166.5087289327182,1194.058349609375,12154387
2023-07-04,RELIANCE.NS,1198.3036177471888,1198.3036177471888,1174.6798459927943,1181.755615234375,8061643
2023-07-05,RELIANCE.NS,1190.9997357239995,1190.9997357239995,1175.8440646341217,1179.8155517578125,10248062
2023-07-06,RELIANCE.NS,1175.958111582341,1207.1824197013011,1175.958111582341,1204.5804443359375,19117987
2023-07-07,RELIANCE.NS,1202.8686056265724,1216.5406584496827,1199.6730384312104,1202.2294921875,13375267
2023-07-10,RELIANCE.NS,1227.4736968882496,1258.1046546175523,1221.1284462814795,1248.541015625,33240016
2023-07-11,RELIANCE.NS,1256.6894093813987,1264.495455649915,1249.7050458386786,1262.0760498046875,20069348
2023-07-12,RELIANCE.NS,1262.806571231475,1279.103541836806,1260.683840337917,1263.468505859375,18733835
2023-07-13,RELIANCE.NS,1270.8408996155135,1277.7339788902639,1249.545369524751,1252.170166015625,14682934
2023-07-14,RELIANCE.NS,1255.3657025022662,1260.341562579208,1243.9989491216202,1251.120361328125,15124144
2023-07-17,RELIANCE.NS,1253.9962192785829,1285.0607786645128,1245.3227267228626,1276.68408203125,22220040
2023-07-18,RELIANCE.NS,1285.9509768018002,1295.286283587151,1274.995004828538,1287.52587890625,25867313
2023-07-19,RELIANCE.NS,1291.8854597114334,1303.7543992835303,1276.8210735612868,1297.294921875,39122156
2023-07-20,RELIANCE.NS,1276.014839753512,1301.213635792283,1276.014839753512,1295.723876953125,38717624
2023-07-21,RELIANCE.NS,1290.3576048302098,1293.2755748788927,1248.1205739980844,1255.6134033203125,30249238
2023-07-24,RELIANCE.NS,1227.0515368964086,1243.8424839995957,1221.2649818512405,1230.216796875,23727866
2023-07-25,RELIANCE.NS,1233.4810641733905,1239.0203294862108,1226.5569523456327,1229.425537109375,12026020
2023-07-26,RELIANCE.NS,1229.0298463901022,1259.693770122974,1229.0298463901022,1249.406494140625,12911012
2023-07-27,RELIANCE.NS,1253.2889256301971,1255.06933898356,1231.6758304667376,1237.7838134765625,17226898
2023-07-28,RELIANCE.NS,1242.4081558253793,1257.6412248805652,1236.7204929547063,1250.2225341796875,20827852
2023-07-31,RELIANCE.NS,1250.222567835286,1263.1062644351005,1245.3261593927457,1260.8065185546875,8551174
2023-08-01,RELIANCE.NS,1263.650247759219,1265.6285651725407,1239.0696780480796,1242.976806640625,9536632
2023-08-02,RELIANCE.NS,1240.9985763343113,1242.383422770223,1218.4458286875906,1229.697509765625,12748214
2023-08-03,RELIANCE.NS,1224.2323775511124,1236.893537376658,1215.700883147937,1224.529052734375,10168350
2023-08-04,RELIANCE.NS,1235.8550243989196,1244.3617658987635,1222.4024889169664,1241.1717529296875,22885610
2023-08-07,RELIANCE.NS,1246.8346631113916,1250.4945023600335,1238.92139273861,1248.2442626953125,5982870
2023-08-08,RELIANCE.NS,1250.2967221809695,1253.4867351589849,1236.2259624118224,1240.7265625,9844072
2023-08-09,RELIANCE.NS,1238.8472469851743,1250.7912910864598,1227.1009863432985,1248.911865234375,11486586
2023-08-10,RELIANCE.NS,1248.788167272386,1261.177404750792,1240.6276075945868,1254.475830078125,15470598
2023-08-11,RELIANCE.NS,1252.4975295128647,1265.5544976220099,1242.5565564009414,1259.767822265625,22179330
2023-08-14,RELIANCE.NS,1255.7371227128601,1277.1524353275731,1248.8130109688743,1274.65478515625,9575812
2023-08-16,RELIANCE.NS,1261.672044700447,1277.3996937112483,1261.672044700447,1273.6160888671875,10203112
2023-08-17,RELIANCE.NS,1269.6348629683328,1275.0752365265755,1252.695518025622,1255.2425537109375,13673744
2023-08-18,RELIANCE.NS,1251.9041214413387,1274.827925208279,1240.6771930744892,1264.5406494140625,18639978
2023-08-21,RELIANCE.NS,1260.6443643964944,1268.3374245054665,1248.5836072167706,1250.74267578125,9221746
2023-08-22,RELIANCE.NS,1249.204008079304,1259.6517042081298,1240.319812990251,1250.44482421875,7713044
2023-08-23,RELIANCE.NS,1252.8272476636503,1262.0838090060652,1249.2288807667073,1251.8345947265625,9517952
2023-08-24,RELIANCE.NS,1260.6195534341234,1260.6195534341234,1226.4227081001463,1230.7904052734375,14140020
2023-08-25,RELIANCE.NS,1218.9778633049934,1243.2978613921046,1212.3271367872899,1225.1075439453125,22222400
2023-08-28,RELIANCE.NS,1226.9189266304347,1232.87484375,1206.6192242506277,1212.897705078125,12580826
2023-08-29,RELIANCE.NS,1217.0173382536789,1217.7121468384466,1195.2285336373561,1201.2838134765625,16876644
2023-08-30,RELIANCE.NS,1207.066064519438,1212.525656094156,1198.628513903965,1200.142333984375,12168946
2023-08-31,RELIANCE.NS,1202.5990605910981,1203.5917135507277,1191.133870437995,1194.6578369140625,21638600
2023-09-01,RELIANCE.NS,1194.4343955405523,1203.9141576589248,1192.0023233270636,1197.4619140625,18112842
2023-09-04,RELIANCE.NS,1197.4619529612135,1202.921543874001,1193.8140262826475,1196.494140625,9347626
2023-09-05,RELIANCE.NS,1201.1101487589585,1208.033879307401,1197.362859390741,1202.89697265625,8675876
2023-09-06,RELIANCE.NS,1201.6560920331103,1209.125708635972,1199.745186611218,1205.4281005859375,8200370
2023-09-07,RELIANCE.NS,1201.9537313347682,1210.1679582595825,1196.6430625915527,1207.06591796875,13652572
2023-09-08,RELIANCE.NS,1211.0365924741222,1218.9778160313297,1202.5742018862823,1215.1064453125,23109288
2023-09-11,RELIANCE.NS,1216.9924464989115,1229.326207160582,1216.9924464989115,1228.20947265625,13271074
2023-09-12,RELIANCE.NS,1232.3785847782628,1232.3785847782628,1209.026400892418,1210.4658203125,16255666
2023-09-13,RELIANCE.NS,1211.0365644667,1222.2783103355039,1204.2120756300537,1216.52099609375,12803338
2023-09-14,RELIANCE.NS,1220.9630582690309,1223.8417758931353,1213.5181615722684,1217.6376953125,9209636
2023-09-15,RELIANCE.NS,1224.9336610195687,1224.9336610195687,1215.7516218263509,1219.89599609375,25468592
2023-09-18,RELIANCE.NS,1211.061482045193,1216.4962329024152,1207.0908701058952,1209.274658203125,7516300
2023-09-20,RELIANCE.NS,1202.623922773179,1204.882232531632,1168.8488809798134,1182.3240966796875,57081884
2023-09-21,RELIANCE.NS,1178.7504333612094,1186.269851496792,1171.3303774506073,1173.7127685546875,12226182
2023-09-22,RELIANCE.NS,1179.2716708437545,1182.4729522811776,1166.367182863141,1168.823974609375,19176786
2023-09-25,RELIANCE.NS,1166.5657437194718,1171.6779308453931,1158.9720452955405,1161.6273193359375,14254884
2023-09-26,RELIANCE.NS,1160.684310036077,1166.4664650387544,1159.2201711598175,1162.644775390625,10087782
2023-09-27,RELIANCE.NS,1163.1411580463555,1177.1872222950064,1160.6595255350553,1175.747802734375,11722778
2023-09-28,RELIANCE.NS,1182.7460248832851,1182.7460248832851,1153.959088482433,1158.4757080078125,14518346
2023-09-29,RELIANCE.NS,1162.2973995824232,1175.847137006539,1158.475709840611,1163.8856201171875,12342014
2023-10-03,RELIANCE.NS,1156.4158809171215,1159.2201982891547,1149.4921506176527,1150.5592041015625,8859056
2023-10-04,RELIANCE.NS,1146.0178196869251,1150.981084388904,1139.1189302205564,1148.5738525390625,10286386
2023-10-05,RELIANCE.NS,1151.1052273242312,1156.1428927957072,1146.017880733707,1148.5491943359375,10953682
2023-10-06,RELIANCE.NS,1150.0132553057874,1153.8597853939605,1147.5316229908371,1150.4847412109375,5431026
2023-10-09,RELIANCE.NS,1145.5711149238573,1147.4818990309532,1139.0691900320726,1140.6822509765625,7576878
2023-10-10,RELIANCE.NS,1144.8018394410437,1150.435072150941,1143.4121010954177,1145.719970703125,10236032
2023-10-11,RELIANCE.NS,1148.7227620999727,1166.2182699823193,1148.0031129607796,1163.910400390625,9814118
2023-10-12,RELIANCE.NS,1163.3148210249558,1171.0078811502246,1160.485663265934,1166.0693359375,12554450
2023-10-13,RELIANCE.NS,1161.4039150831682,1170.0896281233202,1156.0187245288932,1166.019775390625,10150316
2023-10-16,RELIANCE.NS,1163.885548402189,1168.6254903286665,1159.4186102633319,1163.4140625,5929036
2023-10-17,RELIANCE.NS,1169.3451452373686,1171.18152891328,1162.0491704758838,1168.972900390625,7928180
2023-10-18,RELIANCE.NS,1168.9729714451066,1174.8048077319042,1151.9737890772074,1153.4627685546875,8918320
2023-10-19,RELIANCE.NS,1147.5068298823098,1152.37085365543,1142.0472385636656,1144.603271484375,12032556
2023-10-20,RELIANCE.NS,1141.5508934053469,1148.846868358942,1139.7145096810816,1141.104248046875,8913312
2023-10-23,RELIANCE.NS,1136.5875839948083,1144.6528889030683,1119.340239652529,1123.2860107421875,7853962
2023-10-25,RELIANCE.NS,1116.7594889591046,1132.2200112886635,1113.2603628260954,1120.680419921875,11620688
2023-10-26,RELIANCE.NS,1117.2307983645155,1120.7050833883056,1101.993601137725,1105.07080078125,15222534
2023-10-27,RELIANCE.NS,1111.7712909465938,1128.3982276638756,1109.761144511754,1124.5765380859375,11771084
2023-10-30,RELIANCE.NS,1128.6464350717906,1153.9590859902871,1126.6362885582769,1147.7550048828125,16813304
2023-10-31,RELIANCE.NS,1155.4480281047179,1155.4480281047179,1133.0636557231696,1135.5452880859375,12808438
2023-11-01,RELIANCE.NS,1136.1656826268284,1150.236586425296,1129.2419526519689,1140.2603759765625,10309190
2023-11-02,RELIANCE.NS,1148.4746196953226,1153.6116471680004,1145.4966608528325,1151.57666015625,10562104
2023-11-03,RELIANCE.NS,1155.0509397455937,1158.897469898072,1149.3680258840427,1151.3284912109375,8850156
2023-11-06,RELIANCE.NS,1157.5822297180116,1161.4039192346488,1154.256866662586,1160.9075927734375,10647304
2023-11-07,RELIANCE.NS,1158.4507493206686,1160.9572220726066,1151.2540159543112,1153.3634033203125,6960204
2023-11-08,RELIANCE.NS,1157.4333936812945,1161.9003321646271,1152.3460470752768,1159.3690185546875,7884494
2023-11-09,RELIANCE.NS,1159.344192861405,1159.3689122452765,1143.6353879313751,1146.787109375,14513610
2023-11-10,RELIANCE.NS,1144.3055869187945,1149.6659373563402,1140.5831381668131,1148.9461669921875,7734954
2023-11-13,RELIANCE.NS,1152.9167762849927,1153.7606282722284,1147.3579437297892,1148.79736328125,3854810
2023-11-15,RELIANCE.NS,1161.4039352802765,1172.2982770196893,1154.9516911953863,1169.5684814453125,12220648
2023-11-16,RELIANCE.NS,1166.9131951067154,1178.3534231349859,1164.8533675821152,1171.6778564453125,13134910
2023-11-17,RELIANCE.NS,1167.8064883385834,1177.9067803474445,1167.3846835483773,1169.121826171875,7758634
2023-11-20,RELIANCE.NS,1165.6474702823514,1170.5362129509904,1159.61703140789,1166.0445556640625,4490186
2023-11-21,RELIANCE.NS,1174.3083747965666,1185.227556641674,1171.4296571663483,1180.7109375,8214450
2023-11-22,RELIANCE.NS,1178.7752974396924,1188.4288224829827,1177.3855591701267,1185.3267822265625,8534814
2023-11-23,RELIANCE.NS,1185.3268657327444,1191.1835423841578,1185.3268657327444,1188.9500732421875,8531542
2023-11-24,RELIANCE.NS,1187.0144298509326,1192.474021001291,1186.7414260587238,1188.1558837890625,6749486
2023-11-28,RELIANCE.NS,1188.1558894990753,1191.034607263244,1178.899449291774,1188.404052734375,13792174
2023-11-29,RELIANCE.NS,1195.1540911072586,1197.1145563492605,1190.2156671664848,1191.5308837890625,12531306
2023-11-30,RELIANCE.NS,1188.5529645510346,1191.530923348677,1176.2440439527552,1179.9913330078125,28439984
2023-12-01,RELIANCE.NS,1180.2643464861462,1189.3967050711567,1180.0658643673892,1188.3544921875,14342842
2023-12-04,RELIANCE.NS,1215.9999042684663,1215.9999042684663,1190.4887710727894,1201.2093505859375,15590990
2023-12-05,RELIANCE.NS,1210.5403299982054,1211.4585824899339,1201.929016778731,1209.919921875,12693624
2023-12-06,RELIANCE.NS,1214.560584514323,1227.3905513904704,1208.5549856031337,1221.5091552734375,16422442
2023-12-07,RELIANCE.NS,1220.9630401277734,1221.4345260102064,1212.0291642243994,1219.4989013671875,8142096
2023-12-08,RELIANCE.NS,1222.8739302715144,1229.2516522307412,1213.5181285411948,1218.8536376953125,10204894
2023-12-11,RELIANCE.NS,1218.9777608532804,1224.7351961410227,1217.1909371644088,1220.6405029296875,7066138
2023-12-12,RELIANCE.NS,1220.9630282642331,1223.4198198791,1201.1843713898427,1203.1201171875,9197124
2023-12-13,RELIANCE.NS,1202.102614795848,1210.2176004047437,1194.3103140708777,1208.03369140625,10031182
2023-12-14,RELIANCE.NS,1217.9851619285064,1228.3831772791464,1212.3518080035872,1223.0228271484375,16972354
2023-12-15,RELIANCE.NS,1229.8969303201395,1240.8161121066785,1225.9511593183302,1238.63232421875,15932152
2023-12-18,RELIANCE.NS,1238.6323699765335,1258.1379030406688,1236.3243792186838,1251.239013671875,14165188
2023-12-19,RELIANCE.NS,1268.1140495332209,1277.4945707453207,1253.3234974409622,1269.6527099609375,16820604
2023-12-20,RELIANCE.NS,1276.080186427869,1289.8780864366483,1250.7426960684581,1254.2913818359375,17736722
2023-12-21,RELIANCE.NS,1254.2170195322976,1277.2962009364337,1249.8741628164655,1271.8614501953125,13765454
2023-12-22,RELIANCE.NS,1270.3973397701047,1280.9689971307214,1264.4661412408368,1273.102294921875,16541784
2023-12-26,RELIANCE.NS,1274.5663382448713,1286.453332624264,1271.935783794956,1279.554443359375,7465664
2023-12-27,RELIANCE.NS,1281.5150092423955,1290.3992050276352,1277.0977519092014,1283.9222412109375,9204156
2023-12-28,RELIANCE.NS,1285.38634910855,1296.4047727896045,1283.922210219302,1293.2034912109375,12302636
2023-12-29,RELIANCE.NS,1295.958012986606,1297.3973111899322,1280.1748079960485,1282.97900390625,10864584
2024-01-01,RELIANCE.NS,1280.7952766903763,1293.848686885263,1277.1223881648045,1285.609619140625,4030540
2024-01-02,RELIANCE.NS,1283.0039664322292,1297.8937610136477,1277.0480485996618,1296.255859375,7448800
2024-01-03,RELIANCE.NS,1295.412048372221,1307.3238832997818,1279.132516403198,1282.16015625,9037536
2024-01-04,RELIANCE.NS,1284.4928354763001,1295.337616733607,1280.0755785995668,1288.7860107421875,9612778
2024-01-05,RELIANCE.NS,1291.8881165287519,1300.3009471094986,1289.456165302221,1294.2705078125,8086406
2024-01-08,RELIANCE.NS,1295.4120337021336,1306.3063750382337,1275.0378087074926,1284.1702880859375,7734652
2024-01-09,RELIANCE.NS,1290.448874370277,1293.8239187379374,1279.1326061603381,1280.7705078125,5403074
2024-01-10,RELIANCE.NS,1279.0333061103788,1319.7320764251056,1278.0654937339266,1315.3148193359375,11102740
2024-01-11,RELIANCE.NS,1319.7321386109766,1352.489686993197,1318.7394856296971,1349.9088134765625,23725852
2024-01-12,RELIANCE.NS,1349.9087552154863,1363.2350482099334,1335.8626919019084,1360.6541748046875,15012164
2024-01-15,RELIANCE.NS,1364.897836134336,1386.1901939086483,1355.9639593887296,1383.88232421875,8610594
2024-01-16,RELIANCE.NS,1379.7627106993223,1386.0413130880693,1360.4308194226976,1364.5255126953125,9069024
2024-01-17,RELIANCE.NS,1349.511582817391,1376.0898877655304,1345.0694854389078,1351.5712890625,12197382
2024-01-18,RELIANCE.NS,1341.4712027363942,1360.92717605878,1341.3222805612156,1357.8995361328125,10279438
2024-01-19,RELIANCE.NS,1365.890429247957,1365.890429247957,1349.015329468004,1357.4031982421875,10422704
2024-01-23,RELIANCE.NS,1361.6716823004633,1361.6716823004633,1312.8332056966303,1318.8138427734375,20055420
2024-01-24,RELIANCE.NS,1325.4149927095905,1339.5851376107455,1314.1980872328543,1334.00146484375,21919128
2024-01-25,RELIANCE.NS,1333.0831783387705,1354.1274927557365,1325.390118278632,1343.1337890625,11808872
2024-01-29,RELIANCE.NS,1354.474931519067,1441.8283899094502,1350.1817560391485,1437.4111328125,23893438
2024-01-30,RELIANCE.NS,1449.2235971647833,1449.2484377227322,1394.1066401470152,1397.2830810546875,14093978
2024-01-31,RELIANCE.NS,1393.6847810610707,1423.7125336444733,1392.195801594125,1416.1435546875,15130226
2024-02-01,RELIANCE.NS,1424.4569627393994,1432.745590517861,1407.631543948549,1416.1683349609375,13349362
2024-02-02,RELIANCE.NS,1422.6453963923934,1464.0638152243819,1422.6453963923934,1446.9901123046875,19652588
2024-02-05,RELIANCE.NS,1450.0177530325548,1459.6961190035063,1421.007495677393,1428.452392578125,8814432
2024-02-06,RELIANCE.NS,1431.2565145548228,1431.2565145548228,1409.3933108861847,1417.309814453125,9047984
2024-02-07,RELIANCE.NS,1425.3752031215413,1438.8504181404362,1418.7491963623445,1431.554443359375,9296568
2024-02-08,RELIANCE.NS,1439.3467435794867,1448.752105824393,1417.0368932886952,1439.4708251953125,14694634
2024-02-09,RELIANCE.NS,1443.31729322881,1461.1602045826953,1440.2896534634558,1450.0177001953125,12556798
2024-02-12,RELIANCE.NS,1450.017752117624,1450.2659153474917,1431.7529141646626,1441.679443359375,6674430
2024-02-13,RELIANCE.NS,1444.8063713272154,1468.1337156942297,1443.3173918995335,1454.3358154296875,7715594
2024-02-14,RELIANCE.NS,1446.7916226083244,1472.749520552248,1446.7916226083244,1470.4912109375,7117888
2024-02-15,RELIANCE.NS,1472.4516121931645,1473.8165098910026,1455.750276105359,1459.7952880859375,10006782
2024-02-16,RELIANCE.NS,1465.6271998466532,1466.1483668657747,1447.8339689108675,1449.843994140625,9767498
2024-02-19,RELIANCE.NS,1451.3082561823699,1468.6300012389227,1442.8458657695369,1463.17041015625,6729828
2024-02-20,RELIANCE.NS,1464.1880192365334,1464.659505178025,1451.0602075132595,1460.2174072265625,7117496
2024-02-21,RELIANCE.NS,1463.170510366537,1477.5888193115914,1446.8414171157522,1456.916748046875,12720292
2024-02-22,RELIANCE.NS,1457.3633484018678,1474.0398440634356,1447.2878974462733,1470.8634033203125,18493728
2024-02-23,RELIANCE.NS,1478.556551746289,1486.5474563697878,1472.4517119404402,1482.6512451171875,14438584
2024-02-26,RELIANCE.NS,1482.5768223248915,1483.5446346905887,1471.607959051116,1476.3974609375,7513106
2024-02-27,RELIANCE.NS,1472.1291493159843,1488.9297276070065,1467.1907251784094,1474.73486328125,10826044
2024-02-28,RELIANCE.NS,1472.1042938560004,1480.3185210789975,1439.5205099276588,1444.930419921875,8647950
2024-02-29,RELIANCE.NS,1454.2365988812116,1468.1088998815815,1443.8385832706604,1450.0675048828125,23628976
2024-03-01,RELIANCE.NS,1452.7475417409498,1488.979373154373,1451.7548888255137,1481.1622314453125,12132926
2024-03-04,RELIANCE.NS,1479.5243736818861,1501.337897909408,1476.2982516112518,1496.3250732421875,10024420
2024-03-05,RELIANCE.NS,1494.7119691573153,1496.3250301461744,1475.1319146195472,1489.1778564453125,7107668
2024-03-06,RELIANCE.NS,1482.4775132325713,1497.9133152152726,1467.6373999640691,1491.9573974609375,7805676
2024-03-07,RELIANCE.NS,1491.9325571368477,1492.056638756749,1464.7091224345347,1468.059326171875,8315726
2024-03-11,RELIANCE.NS,1478.060156044582,1478.060156044582,1452.7475073010382,1455.82470703125,11277130
2024-03-12,RELIANCE.NS,1455.8248476863198,1477.0676458601295,1454.2614676999044,1464.5850830078125,9432678
2024-03-13,RELIANCE.NS,1468.9029635812572,1472.2034859914554,1417.2850129833478,1421.6527099609375,13522134
2024-03-14,RELIANCE.NS,1429.1224321842872,1437.882667347047,1415.0268084821887,1420.9578857421875,18571102
2024-03-15,RELIANCE.NS,1415.4733954219128,1422.694969713975,1402.5193474045138,1407.80517578125,19223818
2024-03-18,RELIANCE.NS,1409.5671563330236,1431.1325169373013,1406.1177116464064,1428.8990478515625,9169392
2024-03-19,RELIANCE.NS,1418.252849649116,1427.0378036957165,1406.8373411480031,1414.778564453125,8275764
2024-03-20,RELIANCE.NS,1417.458614341769,1434.3833942099568,1413.5625245390722,1433.142578125,8488806
2024-03-21,RELIANCE.NS,1441.8532357214951,1447.1887452733042,1434.060934378195,1440.3145751953125,13006936
2024-03-22,RELIANCE.NS,1439.321893152815,1449.2732629085037,1436.716179238339,1444.3348388671875,19527608
2024-03-26,RELIANCE.NS,1434.3835274360674,1441.7291835759677,1428.4276096750873,1430.983642578125,11415906
2024-03-27,RELIANCE.NS,1437.3614966588377,1488.9794509587407,1436.368843691532,1481.8819580078125,16326644
2024-03-28,RELIANCE.NS,1481.90676076149,1494.8856495085238,1467.786296896486,1474.933349609375,21854364
2024-04-01,RELIANCE.NS,1481.509712382751,1482.9986918329437,1471.6080232736622,1473.8663330078125,5013880
2024-04-02,RELIANCE.NS,1473.0968689675985,1483.0233977342266,1464.1629930776332,1476.025146484375,8910166
2024-04-03,RELIANCE.NS,1471.186101560143,1473.5436523631188,1458.1079713887636,1460.7880859375,7008292
2024-04-04,RELIANCE.NS,1468.878217464342,1468.878217464342,1439.3467919062653,1452.1768798828125,14490272
2024-04-05,RELIANCE.NS,1450.1417667351745,1459.9938949751336,1445.3025839763254,1449.3724365234375,7442298
2024-04-08,RELIANCE.NS,1452.226356281804,1480.0206375610207,1450.2658910334067,1475.057373046875,8357118
2024-04-09,RELIANCE.NS,1478.060211901015,1478.8543827139295,1451.7549092714805,1452.896484375,7071414
2024-04-10,RELIANCE.NS,1455.5766564963697,1476.0749645358123,1455.5766564963697,1468.7044677734375,9138330
2024-04-12,RELIANCE.NS,1465.031599863232,1475.5536963762681,1452.3255942645226,1456.3707275390625,15551012
2024-04-15,RELIANCE.NS,1450.2658952456557,1471.2356878788278,1435.6986653849476,1454.062744140625,12902062
2024-04-16,RELIANCE.NS,1442.6721581376476,1460.3662698899807,1440.265047408789,1454.9810791015625,9366184
2024-04-18,RELIANCE.NS,1452.7475160786112,1475.0822062813913,1448.6279823176308,1453.56640625,19005692
2024-04-19,RELIANCE.NS,1446.0720814485837,1463.1705049395248,1432.4231028577299,1459.323974609375,15741778
2024-04-22,RELIANCE.NS,1461.6317610616636,1471.9305352298081,1457.0160218672338,1468.9774169921875,10350362
2024-04-23,RELIANCE.NS,1468.1337674689391,1482.5272357774581,1444.8561033979943,1448.603271484375,14605554
2024-04-24,RELIANCE.NS,1452.7475596039474,1457.7605053579202,1438.8504186169605,1439.5205078125,10462776
2024-04-25,RELIANCE.NS,1431.9018276580116,1457.189636393573,1430.9091747445573,1449.2484130859375,15943926
2024-04-26,RELIANCE.NS,1453.1943211694756,1454.2366552962403,1439.346860190818,1441.878173828125,9413848
2024-04-29,RELIANCE.NS,1439.3467183436048,1457.1152296530197,1439.3467183436048,1454.2613525390625,7247974
2024-04-30,RELIANCE.NS,1457.2144546560796,1472.178648628076,1452.1271085524606,1456.2218017578125,11474262
2024-05-02,RELIANCE.NS,1461.185178797564,1466.4710074185996,1453.368036621592,1455.7752685546875,14512646
2024-05-03,RELIANCE.NS,1460.1925152681529,1464.1134460205978,1405.7455242326487,1423.46435546875,17226958
2024-05-06,RELIANCE.NS,1424.9533097670264,1429.4202480421582,1407.5818831415143,1409.095703125,7394208
2024-05-07,RELIANCE.NS,1405.571689953147,1410.311631866643,1381.772860502106,1391.17822265625,14517472
2024-05-08,RELIANCE.NS,1387.2325360419566,1422.4220356245855,1387.2325360419566,1408.1279296875,9439002
2024-05-09,RELIANCE.NS,1402.6186490602306,1413.2896685063718,1379.787630710347,1383.88232421875,11009612
2024-05-10,RELIANCE.NS,1386.4879762578594,1399.6406275450738,1377.8766636438304,1397.0845947265625,10505096
2024-05-13,RELIANCE.NS,1389.6149314683873,1396.6379028351905,1373.8317248456565,1392.394287109375,8456620
2024-05-14,RELIANCE.NS,1390.6818338615062,1416.590049599915,1389.738862101979,1409.6414794921875,7188300
2024-05-15,RELIANCE.NS,1410.063563528233,1419.468926315315,1402.6435067088078,1405.86962890625,5046534
2024-05-16,RELIANCE.NS,1408.1278405018506,1417.0120356183081,1387.75361519461,1414.8778076171875,14711774
2024-05-17,RELIANCE.NS,1412.5948920294334,1426.6408349602225,1402.8668442157614,1425.15185546875,10916476
2024-05-21,RELIANCE.NS,1415.1260338425998,1431.231803864575,1415.1260338425998,1425.57373046875,11176128
2024-05-22,RELIANCE.NS,1425.7226630539947,1457.9838844507517,1425.7226630539947,1449.9185791015625,10281604
2024-05-23,RELIANCE.NS,1447.8340020088174,1481.2615172416956,1444.3100355832012,1475.1319580078125,14608260
2024-05-24,RELIANCE.NS,1472.724715385057,1477.5638984586112,1465.2549777906743,1469.37451171875,7094776
2024-05-27,RELIANCE.NS,1469.3497180106694,1473.990419113941,1450.8119965034373,1455.4774169921875,6629010
2024-05-28,RELIANCE.NS,1457.2144512745626,1467.6373066821805,1442.0764946111178,1445.5010986328125,7820162
2024-05-29,RELIANCE.NS,1435.8724890871501,1447.287997987601,1427.8815843874524,1430.1895751953125,7383556
2024-05-30,RELIANCE.NS,1424.9532474164846,1429.817270893488,1409.6663684202383,1414.3814697265625,13206858
2024-05-31,RELIANCE.NS,1420.7841589242364,1431.653659822201,1411.800601617005,1419.8907470703125,31069832
2024-06-03,RELIANCE.NS,1472.1043222829317,1503.3728901534053,1448.2806515244756,1499.228515625,21527942
2024-06-04,RELIANCE.NS,1487.0437791255476,1487.0437791255476,1349.3131842665355,1387.0091552734375,36709098
2024-06-05,RELIANCE.NS,1411.5524616660985,1420.6352601794422,1373.9308915121778,1410.3116455078125,17464890
2024-06-06,RELIANCE.NS,1424.4569533735907,1433.0929853880773,1410.9072166555904,1421.0819091796875,17855722
2024-06-07,RELIANCE.NS,1418.004611799037,1461.1850112482903,1416.0193060772324,1459.1500244140625,18558696
2024-06-10,RELIANCE.NS,1459.150058153404,1482.3781598703026,1457.2888339961758,1460.5894775390625,9251760
2024-06-11,RELIANCE.NS,1458.20717740815,1462.847878399236,1443.9874724286744,1445.9727783203125,11774902
2024-06-12,RELIANCE.NS,1446.7916974833406,1465.1557773484808,1444.4838278075101,1452.5738525390625,10081742
2024-06-13,RELIANCE.NS,1461.1851486521073,1461.433311890669,1449.3725542618724,1454.4847412109375,9181160
2024-06-14,RELIANCE.NS,1459.199879544848,1468.8038455887872,1446.518713499826,1466.6944580078125,8157998
2024-06-18,RELIANCE.NS,1476.4224025999808,1476.4720837189377,1460.5399547367645,1470.1439208984375,7196766
2024-06-19,RELIANCE.NS,1476.571240472528,1476.571240472528,1445.3026730272272,1447.9332275390625,8725874
2024-06-20,RELIANCE.NS,1448.280730003189,1471.9554798675892,1439.446094050177,1462.8726806640625,16113776
2024-06-21,RELIANCE.NS,1462.7982011333013,1463.8652545834836,1429.9909727182371,1443.515869140625,31170360
2024-06-24,RELIANCE.NS,1434.9045699529108,1438.8503408924523,1426.9385064042085,1430.88427734375,8878386
2024-06-25,RELIANCE.NS,1432.3982039886682,1445.2282918111714,1430.4128980926341,1443.46630859375,7045386
2024-06-26,RELIANCE.NS,1435.425808927042,1507.8149506909176,1434.5075565031482,1502.9013671875,22014882
2024-06-27,RELIANCE.NS,1502.6283145931025,1526.2038207675607,1494.9352546835423,1519.304931640625,28383030
2024-06-28,RELIANCE.NS,1519.7764812043604,1569.3842873036351,1519.7764812043604,1553.89892578125,28957336
2024-07-01,RELIANCE.NS,1551.0450507194453,1567.7960689891884,1544.2454023527885,1548.6875,7724306
2024-07-02,RELIANCE.NS,1557.968834801107,1561.9394466769938,1545.5606726889605,1553.6756591796875,7749246
2024-07-03,RELIANCE.NS,1554.8170660210362,1563.4283787351976,1531.440162014497,1541.019287109375,9049620
2024-07-04,RELIANCE.NS,1545.5606622734106,1555.983518377374,1539.4062623766438,1542.6075439453125,6837176
2024-07-05,RELIANCE.NS,1542.4088769403465,1586.755694667964,1536.6267221432645,1576.9532470703125,12269710
2024-07-08,RELIANCE.NS,1577.3255888697254,1596.9801663885871,1570.898185044045,1589.13818359375,9500806
2024-07-09,RELIANCE.NS,1585.8623208770043,1588.7410386525216,1568.887979750272,1578.5911865234375,6960002
2024-07-10,RELIANCE.NS,1583.2814308954767,1585.7630632323035,1551.6654591589945,1572.5855712890625,7134578
2024-07-11,RELIANCE.NS,1575.8365135146928,1592.4634499565013,1558.9614138424095,1569.036865234375,11940946
2024-07-12,RELIANCE.NS,1572.8586162043875,1593.3569240772113,1562.9320865975437,1584.9937744140625,12924784
2024-07-15,RELIANCE.NS,1592.6620057625546,1594.0517441522056,1573.8512804915936,1585.4901123046875,5329688
2024-07-16,RELIANCE.NS,1581.792452589091,1588.24469666931,1557.5965372882695,1564.669189453125,9386838
2024-07-18,RELIANCE.NS,1564.4210812674708,1582.1895936713806,1546.3795650620239,1575.0177001953125,12298374
2024-07-19,RELIANCE.NS,1574.3475621142547,1578.293333314245,1541.3915329908289,1543.7242431640625,13140390
2024-07-22,RELIANCE.NS,1525.9557698439748,1526.203933085127,1488.2597977476694,1489.6495361328125,19674376
2024-07-23,RELIANCE.NS,1489.9719903646578,1494.6870915999891,1452.2511804820083,1476.96826171875,18052044
2024-07-24,RELIANCE.NS,1474.0895996286229,1498.4095963901725,1465.552808673545,1484.7109375,11913362
2024-07-25,RELIANCE.NS,1470.1189136102262,1489.4508041915794,1466.2227025912728,1481.4351806640625,12519876
2024-07-26,RELIANCE.NS,1481.4352554076795,1501.3131545447015,1479.4002684339398,1497.9381103515625,9859940
2024-07-29,RELIANCE.NS,1500.8416167163412,1516.2774189432153,1500.6679751498336,1508.9317626953125,7538550
2024-07-30,RELIANCE.NS,1505.8792447159437,1513.795627121447,1498.9058340677934,1502.03271484375,8228208
2024-07-31,RELIANCE.NS,1492.9499231376883,1499.3524857083617,1490.1208866802617,1494.364501953125,10057346
2024-08-01,RELIANCE.NS,1500.8913109431162,1506.8472288436842,1493.2479314401046,1504.1671142578125,10764222
2024-08-02,RELIANCE.NS,1493.9425575637474,1498.2357327232485,1482.3037269895096,1488.3092041015625,10268248
2024-08-05,RELIANCE.NS,1469.1262655731218,1472.9976360481728,1422.7197433328897,1436.6912841796875,17046704
2024-08-06,RELIANCE.NS,1444.4590050773538,1466.6447748995176,1440.6620347326755,1445.3524169921875,10236186
2024-08-07,RELIANCE.NS,1458.2071184913539,1461.6814036613468,1450.7622216985117,1454.062744140625,8174568
2024-08-08,RELIANCE.NS,1446.816580877676,1454.2366377811502,1435.3018303695276,1438.478271484375,12387192
2024-08-09,RELIANCE.NS,1449.2732763644294,1465.6520496932055,1445.3026646483625,1463.46826171875,6249776
2024-08-12,RELIANCE.NS,1459.199797918004,1462.1777566892652,1447.0397996020206,1449.8936767578125,8184584
2024-08-13,RELIANCE.NS,1450.0178268110735,1459.2742672925806,1447.28803114191,1452.8717041015625,6265064
2024-08-14,RELIANCE.NS,1452.7973239887267,1461.1851932386814,1443.0195951522678,1451.1097412109375,6267466
2024-08-16,RELIANCE.NS,1457.8598362701878,1469.5235088888628,1447.3377388233519,1467.339599609375,9416902
2024-08-19,RELIANCE.NS,1476.6025720306277,1492.3397678065596,1474.6105280885965,1482.4791259765625,13797742
2024-08-20,RELIANCE.NS,1491.268975771349,1497.9423959482733,1484.0976661921165,1489.9990234375,8411808
2024-08-21,RELIANCE.NS,1487.30978907883,1501.8766102174725,1484.072717714687,1492.7132568359375,7769996
2024-08-22,RELIANCE.NS,1497.0210123494212,1500.5070892244864,1484.720165407205,1492.1654052734375,10445782
2024-08-23,RELIANCE.NS,1497.768063961028,1505.3128818837536,1492.4642955105633,1494.008056640625,9249654
2024-08-26,RELIANCE.NS,1500.9802618699923,1516.941539085057,1497.021098650585,1506.5828857421875,8816114
2024-08-27,RELIANCE.NS,1504.4912711730515,1507.4544123852302,1493.485179145279,1494.481201171875,6251156
2024-08-28,RELIANCE.NS,1499.0131426615155,1501.4782728482842,1487.0608784010915,1492.33984375,9610286
2024-08-29,RELIANCE.NS,1497.1205913811584,1530.885760314005,1488.0568158159556,1514.874755859375,38335358
2024-08-30,RELIANCE.NS,1527.89778785993,1533.599989641746,1497.3447635789732,1503.6197509765625,41620730
2024-09-02,RELIANCE.NS,1504.8647654458696,1520.7264647058682,1500.6316718721823,1510.2183837890625,11240852
2024-09-03,RELIANCE.NS,1515.1984708784905,1516.941509382377,1501.5031683479538,1503.1217041015625,10923800
2024-09-04,RELIANCE.NS,1494.7301447200666,1511.4633627071519,1493.534966971581,1508.525146484375,11983304
2024-09-05,RELIANCE.NS,1513.0072347057646,1519.7054581926027,1481.1345314015284,1487.035888671875,16264168
2024-09-06,RELIANCE.NS,1486.5627588054047,1491.0448575756723,1455.8105811316245,1458.997802734375,19394228
2024-09-09,RELIANCE.NS,1460.666261949736,1464.07768593117,1449.809597840599,1456.63232421875,9010298
2024-09-10,RELIANCE.NS,1454.6901127162012,1466.1942153054945,1451.7766997689328,1455.7110595703125,10768260
2024-09-11,RELIANCE.NS,1457.2300550346945,1462.9073318760024,1441.7917138302157,1445.7259521484375,9760202
2024-09-12,RELIANCE.NS,1451.2039809867947,1480.088617533546,1440.1232367942907,1473.913330078125,22349376
2024-09-13,RELIANCE.NS,1470.5268529366479,1477.2500011980833,1463.6542770635715,1466.766845703125,8711328
2024-09-16,RELIANCE.NS,1471.6723576050656,1475.0090069946318,1458.9232273463058,1465.4969482421875,5481774
2024-09-17,RELIANCE.NS,1468.1364260685732,1471.5975781970765,1460.790763828237,1466.4432373046875,5935328
2024-09-18,RELIANCE.NS,1464.1522884024148,1476.10455198121,1454.7399294679985,1457.6282958984375,8574714
2024-09-19,RELIANCE.NS,1460.4171894563083,1470.6264144806405,1449.7598031867433,1463.82861328125,16955902
2024-09-20,RELIANCE.NS,1468.136427109257,1489.0528890965668,1465.5218693608433,1480.0140380859375,30897320
2024-09-23,RELIANCE.NS,1485.0687739665293,1495.5270047691104,1483.026880271187,1487.434326171875,8832314
2024-09-24,RELIANCE.NS,1482.5786761041754,1494.530939532627,1481.9561623839436,1483.4501953125,17137444
2024-09-25,RELIANCE.NS,1477.9970102640052,1490.5468626388433,1474.3116560624171,1488.0069580078125,7069002
2024-09-26,RELIANCE.NS,1484.7202013028073,1498.017070530802,1482.1305684499498,1491.9910888671875,18818998
2024-09-27,RELIANCE.NS,1493.0369361114394,1527.3747692811157,1486.0647823070499,1520.1038818359375,20597478
2024-09-30,RELIANCE.NS,1513.3558880158446,1518.9086621673466,1468.5348969230117,1470.701171875,27008814
2024-10-01,RELIANCE.NS,1474.7599230273088,1482.0308103038055,1457.0057588364782,1458.997802734375,16431642
2024-10-03,RELIANCE.NS,1430.8602791168494,1443.634334423912,1396.4975195620746,1401.3780517578125,37757294
2024-10-04,RELIANCE.NS,1398.34020617394,1411.711728297617,1376.2782950115372,1381.0093994140625,37072876
2024-10-07,RELIANCE.NS,1387.9566419173104,1390.9447078848398,1355.9594355150189,1365.272216796875,22181340
2024-10-08,RELIANCE.NS,1367.513224520688,1395.4267642320656,1359.669551595401,1391.791259765625,17020808
2024-10-09,RELIANCE.NS,1391.9656892391695,1395.4019165531051,1367.0402140253339,1369.1318359375,14310610
2024-10-10,RELIANCE.NS,1374.5352199766685,1380.4864268287754,1363.9774115920343,1365.595947265625,22358646
2024-10-11,RELIANCE.NS,1364.5501018082973,1377.7723178051706,1363.3797273571677,1366.6417236328125,7980122
2024-10-14,RELIANCE.NS,1373.962442591221,1374.5849563155427,1362.8070452852592,1367.0650634765625,12221432
2024-10-15,RELIANCE.NS,1353.1207855156183,1366.243302159234,1335.3666207605413,1338.678466796875,33762794
2024-10-16,RELIANCE.NS,1334.6695151768993,1358.5740438069333,1332.3039628645522,1348.6884765625,20034438
2024-10-17,RELIANCE.NS,1360.2671814831224,1363.0062419523483,1346.6715786036464,1351.0291748046875,15543660
2024-10-18,RELIANCE.NS,1346.796043723323,1362.9814005892638,1335.9891081789099,1353.8927001953125,12082452
2024-10-21,RELIANCE.NS,1361.686598848784,1368.5342502099143,1352.3239675798945,1363.7532958984375,14067408
2024-10-22,RELIANCE.NS,1363.7532474009167,1370.5262455038624,1334.8935348257999,1338.006103515625,15831960
2024-10-23,RELIANCE.NS,1332.1793705575924,1352.0748848775756,1329.689315659354,1333.2003173828125,17214742
2024-10-24,RELIANCE.NS,1329.9633130042932,1338.3547254831988,1317.8616212723593,1334.4703369140625,22155934
2024-10-25,RELIANCE.NS,1338.1555171764887,1339.002111534351,1316.7410448137834,1322.5677490234375,18597496
2024-10-28,RELIANCE.NS,1331.6813526124565,1347.6177038778262,1316.8406011796387,1329.0418701171875,10824350
2024-10-29,RELIANCE.NS,1322.8167478889227,1337.856655249044,1315.0478495098762,1334.66943359375,12008361
2024-10-30,RELIANCE.NS,1329.6893351932274,1344.62966480214,1320.0776988278842,1338.553955078125,11984423
2024-10-31,RELIANCE.NS,1334.6694245700712,1337.6574904459744,1320.8745447599274,1326.7510986328125,9331650
2024-11-01,RELIANCE.NS,1327.7471304089104,1336.6116286385318,1327.6972806767253,1333.3248291015625,2127335
2024-11-04,RELIANCE.NS,1332.5280301195805,1334.6695017714562,1279.9878687625326,1296.9700927734375,19796890
2024-11-05,RELIANCE.NS,1287.8564249120313,1304.3406373759979,1281.0336986406933,1300.1075439453125,16267479
2024-11-06,RELIANCE.NS,1304.7888451117578,1323.0160966964434,1295.0277806900112,1320.0777587890625,21625209
2024-11-07,RELIANCE.NS,1318.7331565363688,1318.7331565363688,1297.4182609581876,1300.4561767578125,9611974
2024-11-08,RELIANCE.NS,1292.4879180085577,1296.4720058402277,1269.9279963447846,1278.6431884765625,19814406
2024-11-11,RELIANCE.NS,1273.8622221377802,1280.884225507143,1261.9598084895413,1267.6370849609375,9056552
2024-11-12,RELIANCE.NS,1270.4759075040322,1284.1712099692156,1262.4578817905294,1269.1810302734375,10671091
2024-11-13,RELIANCE.NS,1265.196886863478,1270.3761523895544,1244.5294313213271,1247.0693359375,14633633
2024-11-14,RELIANCE.NS,1248.613186761178,1267.537605244334,1246.1231316976048,1262.5574951171875,12612633
2024-11-18,RELIANCE.NS,1262.55746761959,1267.8364328732807,1238.951794764919,1255.7347412109375,13620611
2024-11-19,RELIANCE.NS,1255.734688515481,1276.4021442257297,1230.236550606767,1236.710693359375,14183746
2024-11-21,RELIANCE.NS,1236.7107220331202,1239.0014996478671,1212.407761281373,1218.1348876953125,19433843
2024-11-22,RELIANCE.NS,1224.509420421979,1263.8024380613526,1217.586994857739,1260.3662109375,20471957
2024-11-25,RELIANCE.NS,1284.868314871977,1299.260783408558,1277.3483005192684,1281.8802490234375,28923341
2024-11-26,RELIANCE.NS,1289.7986377983043,1292.687125909721,1279.0914013187908,1290.545654296875,9247557
2024-11-27,RELIANCE.NS,1288.3543972122054,1298.6632001168684,1280.8842325588682,1288.0555419921875,9572746
2024-11-28,RELIANCE.NS,1284.818474176107,1291.442044503892,1264.0017125526565,1265.7447509765625,15027412
2024-11-29,RELIANCE.NS,1274.9081506356404,1294.3305794929802,1270.177046170391,1287.0595703125,13202307
2024-12-02,RELIANCE.NS,1282.876370557777,1306.133460567327,1271.9699779978703,1303.9422607421875,11024152
2024-12-03,RELIANCE.NS,1311.7609017834461,1321.5219654799555,1301.8006823317874,1318.035888671875,16869482
2024-12-04,RELIANCE.NS,1320.7251432865569,1323.1156203515295,1298.8625094957517,1303.742919921875,19608540
2024-12-05,RELIANCE.NS,1309.1214514378748,1324.6593698468237,1300.9541199209712,1316.7908935546875,16858723
2024-12-06,RELIANCE.NS,1318.6334884089777,1318.6334884089777,1304.7887589399247,1306.3326416015625,9037514
2024-12-09,RELIANCE.NS,1297.8166732313093,1309.7689372979064,1287.9560310594236,1289.9979248046875,14650002
2024-12-10,RELIANCE.NS,1284.121290398709,1289.7488386952925,1275.107243177966,1279.73876953125,16043729
2024-12-11,RELIANCE.NS,1279.8882324099652,1284.8683422637005,1270.9738844056644,1273.115234375,11724373
2024-12-12,RELIANCE.NS,1264.9479526569407,1273.1152845047754,1255.5853214463157,1257.876220703125,20906813
2024-12-13,RELIANCE.NS,1254.9877622795104,1270.1272485556606,1234.6688884780408,1267.78662109375,28630222
2024-12-16,RELIANCE.NS,1269.9280595585296,1275.904191603511,1261.511722229068,1263.2547607421875,9486781
2024-12-17,RELIANCE.NS,1256.033537225462,1258.8721754853295,1237.8561365143116,1240.34619140625,17462791
2024-12-18,RELIANCE.NS,1235.714673937889,1254.9378248920182,1235.714673937889,1248.2645263671875,12670179
2024-12-19,RELIANCE.NS,1234.0712121990753,1239.947766097918,1224.1109925687356,1225.55517578125,14244653
2024-12-20,RELIANCE.NS,1219.1309339507777,1234.5692750261348,1196.7204388413884,1200.50537109375,20312896
2024-12-23,RELIANCE.NS,1210.1667348774333,1222.3181546925216,1208.3738466363206,1217.437744140625,10052824
2024-12-24,RELIANCE.NS,1217.4377030050357,1228.6429501715868,1216.1428258096823,1217.8858642578125,6734917
2024-12-26,RELIANCE.NS,1219.3798917928577,1222.8161189414398,1209.4196721335327,1211.7105712890625,10016178
2024-12-27,RELIANCE.NS,1213.4536884394554,1223.0154756156849,1212.1588111658666,1216.1927490234375,7000397
2024-12-30,RELIANCE.NS,1211.5611874241417,1218.3340640862093,1203.294156174512,1205.8837890625,8818766
